created_at,job_id,status,url
2026-03-10T08:34:44.573841+00:00,c42a1752170f414bb3b1cb5276f33d18,queued,https://youtube.com/shorts/gFgwZolVBnU?si=8cUY9eBzirD6rt5m
2026-03-10T08:34:44.670298+00:00,b1c5dbc0fd664cba9b88e9ef32ef0533,queued,https://youtube.com/shorts/Y0bT_zfCPfY?si=XahmlqfrSY85BLDD
2026-03-10T08:34:44.769132+00:00,f39a6d81b77a43c2b52ad8f0147157cf,queued,https://youtube.com/shorts/nCDW3MqKsfI?si=wVHp3dadeaXQo--q
2026-03-10T08:34:44.866825+00:00,c44194537502401fb8bd079d5f0746ec,queued,https://youtube.com/shorts/_XrfQLBpfwA?si=6FPgyKmVMcj8WxA7
2026-03-10T08:34:44.953402+00:00,5339b9253fb24ef092a8275ce62bac67,queued,https://youtube.com/shorts/TwwrmOSYP4k?si=ZovWp3cH1zEy7Kpy
2026-03-10T08:34:45.038019+00:00,1d2f3419655c444abe9c59342bfcc45c,queued,https://youtube.com/shorts/n-MbuVcPb_E?si=jRQNV17wMF8RoYUi
2026-03-10T08:34:45.124117+00:00,ee405c915d544f33bf27cfa45862e896,queued,https://youtube.com/shorts/NDbh-ySbe8w?si=XKaift3Z4OZm3Alj
2026-03-10T08:34:45.209957+00:00,1bfea7641bfd437e8bf3b0cfce96d6d1,queued,https://youtube.com/shorts/sUE6BQB8AQg?si=6w5huCf9srwWVEtH
2026-03-10T08:34:45.296700+00:00,88ad091a177e43028a8d1d3ce25aab5e,queued,https://youtube.com/shorts/dZrT-6uru7k?si=avP_ZK0lMNj38nfN
2026-03-10T08:34:45.383933+00:00,d9d8ff9e103d49839e7f0ecfc37c194d,queued,https://youtube.com/shorts/6TiH2zc9jrA?si=9_FT8gd91a8qbDvK
2026-03-10T08:34:45.477052+00:00,4d51e62f851d40b4b94c434e207d021e,queued,https://youtube.com/shorts/eewU22K5pmw?si=5a-WeZD3SiqJVtKj
2026-03-10T08:34:45.569830+00:00,c23c2a2a645744d2a63611e020873e1e,queued,https://youtube.com/shorts/k--LbtL3PL0?si=fkCRaWF7GnxGVKEP
2026-03-10T08:34:45.656761+00:00,1009518318e44811aff4766c758de2e0,queued,https://youtube.com/shorts/cTyGbikT0vM?si=qQrlu4pH1lq8PT5o
2026-03-10T08:34:45.741569+00:00,7cf25ee0ef9b45978c8355a177d587b8,queued,https://youtube.com/shorts/49jJRNbuwqc?si=UYRvTjfAZsMHFEU-
2026-03-10T08:34:45.832419+00:00,19582248e36b4bc096de08efc573942d,queued,https://youtube.com/shorts/G_CTX2CRZ0M?si=A7QM7R1RzVfAR3QD
2026-03-10T08:34:45.935279+00:00,4fb3bab9016c481b963933df6141a001,queued,https://youtube.com/shorts/OfoGCX1YuUQ?si=ygUE9h47fSd8YQG8
2026-03-10T08:34:46.024907+00:00,0c66d05d19c444deb73a2e2088b8c4d5,queued,https://youtube.com/shorts/9o0jFdLnlX0?si=vOIBnYjwk9Us7Cf7
2026-03-10T08:34:46.117657+00:00,ca65780452694460983e7b926a1c89e5,queued,https://youtube.com/shorts/WvqddxQSCv8?si=qsNzWiqwtyYRLep9
2026-03-10T08:34:46.204818+00:00,0b43ce99b7204d0ca1a5ef4f22b84899,queued,https://youtube.com/shorts/mt6POuw-a3g?si=1xLRs03XPMZ1BJBh
2026-03-10T08:34:46.302453+00:00,0068de43c14d4c16b7eb09d33c351cd4,queued,https://youtube.com/shorts/ehmzuc70Fkc?si=_VFqhAdJjeiv7dem
2026-03-10T08:34:46.389803+00:00,d815a7f88198415091d2b03f4de7ed99,queued,https://youtube.com/shorts/srsmWbUBxoI?si=u_44BdwBmRPE1v-y
2026-03-10T08:34:46.481663+00:00,73f3e3905b25447ba3a39de3c9097565,queued,https://youtube.com/shorts/on8eQbCF0wY?si=nmQJsUpRur7NiVZY
2026-03-10T08:34:46.572831+00:00,684a6a93f98242ae963b0da3de6a84fb,queued,https://youtube.com/shorts/ZQJmsTiRVjo?si=Hyq0caRk0gnPhCw_
2026-03-10T08:34:46.665035+00:00,eeb535a467874348b186c0ffbf8041cd,queued,https://youtube.com/shorts/3UjOTyvp698?si=j_SIW-e4kqhsKHkv
2026-03-10T08:34:46.747806+00:00,e6680a842b75425baa190763d3b0a17f,queued,https://youtube.com/shorts/aEC1q52Iuq0?si=zHzcowrU9DaJyqsS
2026-03-10T08:34:46.837890+00:00,b75f3edf064a48f780b6d5614a30fb47,queued,https://youtube.com/shorts/Z_IdzWUdKAU?si=K6-fC92iZXhLxLqL
2026-03-10T08:34:46.928446+00:00,42bcb51a9d35437bb268d64637efb9e2,queued,https://youtube.com/shorts/I-RQMA41Sfs?si=aS6aKyPQPvc2_QYN
2026-03-10T08:34:47.021804+00:00,3eeb9f3ac0a049b3b2726487362c35ff,queued,https://youtube.com/shorts/O-ZVgZzRUwc?si=euZ46yqo568iBTsD
2026-03-10T08:34:47.112558+00:00,290c6b56d77b41a88910cb72bcc78fd0,queued,https://youtube.com/shorts/YrGAVDdAZ9k?si=xqfaYptLCkMIXc_E
2026-03-10T08:34:47.196695+00:00,04cd419042424221a515c3803a6029a4,queued,https://youtube.com/shorts/WAPHL4XIJSg?si=QYVwLz1UAjmsab5o
2026-03-10T08:34:47.283152+00:00,cdede932eb7d46a697297a5a365ceff3,queued,https://www.youtube.com/shorts/p65iofzssHI
2026-03-10T08:34:47.371747+00:00,73098e8fb39145999ae8d249c0563851,queued,https://www.youtube.com/shorts/SUzNotWexFQ
2026-03-10T08:34:47.464054+00:00,aed5acd35e144e3e993eb591fa112627,queued,https://www.youtube.com/shorts/QGhyVqC1sWA
2026-03-10T08:34:47.553411+00:00,e649cad1db5748b8b867064de916ddbf,queued,https://youtube.com/shorts/CbiEvw1sJ4Q?si=Qd9qG3UzAM4vqRf-
2026-03-10T08:34:47.641116+00:00,cac10efec507440096eda1ccfb68c04d,queued,https://www.youtube.com/shorts/LmZR01Xldek
2026-03-10T08:34:47.728199+00:00,1532c7ecee784dfcb4f7579ea38b4389,queued,https://www.youtube.com/shorts/m4jONF5bUUk
2026-03-10T08:34:47.818161+00:00,8ef3a0dcaeed448d8b4b7d0f7f98e196,queued,https://www.youtube.com/shorts/3sYnNGkjkhA
2026-03-10T08:34:47.908236+00:00,fd87fa68bc484ff090b7b28053956241,queued,https://www.youtube.com/shorts/DTXZGEAd4Z8
2026-03-10T08:34:47.997289+00:00,2c4996e1646548539fc50af3ee986a56,queued,https://www.youtube.com/shorts/kegGG_JWCns
2026-03-10T08:34:48.085970+00:00,84a78b53d1474bfd97d71a90c784936e,queued,https://www.youtube.com/shorts/TVYl6v9f8us
2026-03-10T08:34:48.177372+00:00,43174451adcc45e694c9f8e5ae7a7e98,queued,https://www.youtube.com/shorts/oqqz3xykhlQ
2026-03-10T08:34:48.268600+00:00,2d221ae3196d4ffeb8d2ded6176943d5,queued,https://www.youtube.com/shorts/X30BmLLXm4w
2026-03-10T08:34:48.358564+00:00,1c59de3fbad94b4ba71fcbe9dc77ea26,queued,https://www.youtube.com/shorts/T3qbhmbRavc
2026-03-10T08:34:48.445108+00:00,6d490f7bace54905880af6442c218e4f,queued,https://www.youtube.com/shorts/1DRNwhg18NI
2026-03-10T08:34:48.538465+00:00,f8f78245918a4513a53e0605e93294f6,queued,https://www.youtube.com/shorts/S1FHTrA89Ns
2026-03-10T08:34:48.630787+00:00,5af06fb5ba9744b394fe602e95eccffd,queued,https://www.youtube.com/shorts/O8cZVAY3kLo
2026-03-10T08:34:48.725234+00:00,d5cab16eea8442718a0a6a34a1e497f5,queued,https://www.youtube.com/shorts/ih7q2SE5M18
2026-03-10T08:34:48.815171+00:00,70a2f94fdc6648b0a34f4c67aa835eea,queued,https://www.youtube.com/shorts/BRaeiCMuKpQ
2026-03-10T08:34:48.902379+00:00,a46eedcc34d34d2f9d85512b635fd9dd,queued,https://www.youtube.com/shorts/t860h75QgNY
2026-03-10T08:34:49.001815+00:00,537c108199c64279a065ff7a69795a52,queued,https://www.youtube.com/shorts/q2G4UyWLOGs
2026-03-10T08:34:49.089914+00:00,8125a3f52d0d438483b2dadc9af36c83,queued,https://www.youtube.com/shorts/kFuT0PDVMNw
2026-03-10T08:34:49.175989+00:00,12fd8d0286384b5ea285e74e38ed0a86,queued,https://www.youtube.com/shorts/fAbY9wKoVXY
2026-03-10T08:34:49.268968+00:00,55510f82a72e46b39f7390674863f356,queued,https://www.youtube.com/shorts/7h_rLG16-sk
2026-03-10T08:34:49.364580+00:00,9a4916483cdf4e13af3d02d88d7669e8,queued,https://www.youtube.com/shorts/RHv0ONFfMfk
2026-03-10T08:34:49.457958+00:00,7b29cf366c294059b795ec00563a2660,queued,https://www.youtube.com/shorts/A54DmtWBFA8
2026-03-10T08:34:49.554381+00:00,93e0556483b94763bb93e373d834e50f,queued,https://www.youtube.com/shorts/zE8iYfWjw9w
2026-03-10T08:34:49.644367+00:00,850d68e0350749ff96e732a1938b50a9,queued,https://www.youtube.com/shorts/ZvLMZ_ifmns
2026-03-10T08:34:49.731645+00:00,55758a796f8c4452bf02180b60dafe3e,queued,https://www.youtube.com/shorts/zrTpC_nznGE
2026-03-10T08:34:49.819840+00:00,19377c0da7ff4cca825ceaaa3b18be32,queued,https://www.youtube.com/shorts/GZ6lJzWvoEM
2026-03-10T08:34:49.912544+00:00,4868fe043e6b4de98784ec76a4d1138c,queued,https://www.youtube.com/shorts/ZejtlQykGm8
2026-03-10T08:34:49.999391+00:00,6fae359d204a441b9d61cc9e8b491cd9,queued,https://www.youtube.com/shorts/TX3XpIkFZKs
2026-03-10T08:34:50.087244+00:00,3a953df2b43d45c3a9835d3af1a82c92,queued,https://www.youtube.com/shorts/yBX7wor18p4
2026-03-10T08:34:50.174233+00:00,75639e107d4d4805b5a4cda20ef9dbcd,queued,https://www.youtube.com/shorts/gy6DPX0sLtc
2026-03-10T08:34:50.264207+00:00,bdc7358662b9497382c731bc55c714ea,queued,https://www.youtube.com/shorts/HiDGfFOzfnk
2026-03-10T08:34:50.353253+00:00,0b9c37c85a23409cbab6755989fd3764,queued,https://www.youtube.com/shorts/VoaXkzJVtIo
2026-03-10T08:34:50.442527+00:00,68424aff11354b39ba25f46d3200c5c1,queued,https://www.youtube.com/shorts/IYIfUQ__hQc
2026-03-10T08:34:50.532753+00:00,a95520335c234850b014faaa970544aa,queued,https://www.youtube.com/shorts/p4AGbTnsxs8
2026-03-10T08:34:50.625337+00:00,2c90359cd17c4011b0179ddc6ed66d33,queued,https://www.youtube.com/shorts/FFr7JJcJwEg
2026-03-10T08:34:50.712909+00:00,683dbfe5bc994ba9a93e715eb4aa3206,queued,https://www.youtube.com/shorts/dyUed97vESs
2026-03-10T08:34:50.801925+00:00,e5e8ee11c5f344f89232dd17d9c86a9d,queued,https://www.youtube.com/shorts/cixocSycC3A
2026-03-10T08:34:50.891721+00:00,e78310b36b6e4141ade66fca46761032,queued,https://www.youtube.com/shorts/xs4AsbRqoT4
2026-03-10T08:34:50.985441+00:00,ded1edd835764fe1acc9f1891304165d,queued,https://www.youtube.com/shorts/c4w4I9n-EQE
2026-03-10T08:34:51.076374+00:00,f2ab9999c0294738acf15355d2d082b0,queued,https://www.youtube.com/shorts/Hc0dFVz8Z5o
2026-03-10T08:34:51.162178+00:00,e517974be0034b74b9efaf6b33691a5d,queued,https://www.youtube.com/shorts/MprxJKJ5RC8
2026-03-10T08:34:51.253890+00:00,7e4a984c087443edae765e5cf9fff804,queued,https://www.youtube.com/shorts/v4IlwQInULQ
2026-03-10T08:34:51.344838+00:00,b5b3d65b79434ed0b6231151a136a37d,queued,https://www.youtube.com/shorts/flh6ZpFawFo
2026-03-10T08:34:51.430758+00:00,db6818ad6eb94118a291eead86c37b72,queued,https://www.youtube.com/shorts/mUcS2bIy6Lk
2026-03-10T08:34:51.521323+00:00,5f96e49c451f43ae967298bfd4285631,queued,https://www.youtube.com/shorts/YugawDL8G4M
2026-03-10T08:34:51.631421+00:00,0a1e860d8e8f4c4f89f0014a4b063a74,queued,https://www.youtube.com/shorts/OxiH1xzJhgA
2026-03-10T08:34:51.729869+00:00,f5968b4bd55c44dd80025ef49d9f48c5,queued,https://www.youtube.com/shorts/KriiolXfPPY
2026-03-10T08:34:51.817575+00:00,914e63999c5f47a5ae722c89fc4fdb60,queued,https://www.youtube.com/shorts/jfmG2iigvG8
2026-03-10T08:34:51.902536+00:00,8e52f3f7bf88483a862b7474491379ba,queued,https://www.youtube.com/shorts/w4kMt3sXZoM
2026-03-10T08:34:51.987947+00:00,ff9500f37ce74c4ca232aaa69bbad4bd,queued,https://www.youtube.com/shorts/UxXxnS6AbDo
2026-03-10T08:34:52.081710+00:00,4d3fcac60b124d259d55ad1c51a7d554,queued,https://www.youtube.com/shorts/rVwRoSF9_1Q
2026-03-10T08:34:52.172024+00:00,f293d05c83454ba0b06ed26dc7683350,queued,https://www.youtube.com/shorts/EBohWCR33zs
2026-03-10T08:34:52.263716+00:00,9483946feb0444ab80a0ec8874124d73,queued,https://www.youtube.com/shorts/wYhC2MXliGk
2026-03-10T08:34:52.356010+00:00,e283f4265a134c7d9280f725d1814811,queued,https://www.youtube.com/shorts/s0e24Oak93o
2026-03-10T08:34:52.442258+00:00,36c9534510434c418599834e8419f0ee,queued,https://www.youtube.com/shorts/X2cEvpFoaKQ
2026-03-10T08:34:52.526512+00:00,fb24c0dbd94443549c98da6082a85425,queued,https://www.youtube.com/shorts/IxzRPI3CL3w
2026-03-10T08:34:52.620732+00:00,29c9d70ac20a42c8a6006fa85c797d03,queued,https://www.youtube.com/shorts/PdxfqLj439o
2026-03-10T08:34:52.723454+00:00,9456aaac735a4bc694be86e932977032,queued,https://www.youtube.com/shorts/Pm7bR2e6kcM
2026-03-10T08:34:52.818118+00:00,3313a19cde1b47089f8811e601ce9556,queued,https://www.youtube.com/shorts/-Nf6tZst7fw
2026-03-10T08:34:52.904976+00:00,0eaf48c946c74e40ab37c3020688778e,queued,https://www.youtube.com/shorts/C64TlSC1PXE
2026-03-10T08:34:52.992615+00:00,709097b0edfc4565a2fbd787066c2b53,queued,https://www.youtube.com/shorts/X-ky2lIGJX8
2026-03-10T08:34:53.086936+00:00,6c99df4781974900b0175b51b7bad5b6,queued,https://www.youtube.com/shorts/sVorW62B8yM
2026-03-10T08:34:53.180281+00:00,90464b9fceca433d911e5ab18dc24bb4,queued,https://www.youtube.com/shorts/Ibc3hflWKLQ
2026-03-10T08:34:53.267266+00:00,2602b48dd94b41baaef178269961b4ab,queued,https://www.youtube.com/shorts/xFYkuraE5gQ
2026-03-10T08:34:53.358791+00:00,6581ce346c07444abd80547492afefd4,queued,https://www.youtube.com/shorts/tMvOp-pbyb8
2026-03-10T08:34:53.450377+00:00,98c3bf4dfc5040b8aa8c63856d5e9804,queued,https://www.youtube.com/shorts/FNgxSv2vfZY
2026-03-10T08:34:53.539873+00:00,3dd76daaa5d345e48e2727a6758ea8d5,queued,https://www.youtube.com/shorts/leMefrvElYA
2026-03-10T08:34:53.629191+00:00,25bdebb2891048138c9123b391160991,queued,https://www.youtube.com/shorts/wttsweiGXZ8
2026-03-10T08:34:53.718877+00:00,809ca414e7d94ec989079c978ff3130e,queued,https://www.youtube.com/shorts/G1lURknjmxM
2026-03-10T08:34:53.808924+00:00,45ac5e0741e0411d96b236f690979dc1,queued,https://www.youtube.com/shorts/48BnYG54694
2026-03-10T08:34:53.902164+00:00,e22258a9c21e4111821f9d360f63c786,queued,https://www.youtube.com/shorts/yeukgKerfqM
2026-03-10T08:34:53.994707+00:00,a4799a3f71604b0ba8ae7d3874c26ee8,queued,https://www.youtube.com/shorts/fxn9pORPOTo
2026-03-10T08:34:54.081700+00:00,d9c158112d1b479889d6290f685108c1,queued,https://www.youtube.com/shorts/SHWvFyOT5cs
2026-03-10T08:34:54.171794+00:00,be87984cbaea467e9af00c7fabaecd41,queued,https://www.youtube.com/shorts/fG2CO2HPhRc
2026-03-10T08:34:54.261581+00:00,b1ea9da4c54b49429da567f423cebed2,queued,https://www.youtube.com/shorts/H_YiO7IP8F0
2026-03-10T08:34:54.351564+00:00,bee15a33091d4fb18114a918e7868ae0,queued,https://www.youtube.com/shorts/xddSSmo3CIo
2026-03-10T08:34:54.440642+00:00,325604fa866743a5a719c85157933d67,queued,https://www.youtube.com/shorts/MU3yH489oZY
2026-03-10T08:34:54.591584+00:00,1cfa1ef6cc3a4100989feb563432c913,queued,https://www.youtube.com/shorts/utAPr-JssTY
2026-03-10T08:34:54.684782+00:00,9ec9721e25aa4e318fa1ac409ed34453,queued,https://www.youtube.com/shorts/PeVuVY8EJYA
2026-03-10T08:34:54.779334+00:00,505de6ad3e7643dc83c2bcd572efa84c,queued,https://www.youtube.com/shorts/Tjrho4MWuTM
2026-03-10T08:34:54.876102+00:00,69a92db3f3954e318a0ff2966dfccacc,queued,https://www.youtube.com/shorts/VvXlIkTtJow
2026-03-10T08:34:54.964007+00:00,68bb292909b84ac3ab3f8ecc828d6796,queued,https://www.youtube.com/shorts/-TjojsxYU6U
2026-03-10T08:34:55.056195+00:00,94262890587549c9afb014ca2f7207c4,queued,https://www.youtube.com/shorts/b1YJb3dA3Zk
2026-03-10T08:34:55.148423+00:00,a0f4d4302a2944e1b482901bf9113e77,queued,https://www.youtube.com/shorts/fHyQSQd6fQ4
2026-03-10T08:34:55.246817+00:00,4d8745b27e604313bebdbf6a17b0f36c,queued,https://www.youtube.com/shorts/nxh-f_UOVcM
2026-03-10T08:34:55.342964+00:00,0b9a00b5c49842639eee3f7a38037205,queued,https://www.youtube.com/shorts/sKDr4wKPeF8
2026-03-10T08:34:55.432683+00:00,43341b901fa940d89b5082d713ed7637,queued,https://www.youtube.com/shorts/dHaKNQEz7Ns
2026-03-10T08:34:55.529778+00:00,36352c3ea10346358f09c7df73443973,queued,https://www.youtube.com/shorts/UriesRczjSM
2026-03-10T08:34:55.624827+00:00,47faa87128c4452bab4b5116a462e125,queued,https://www.youtube.com/shorts/yLcLHLmewRw
2026-03-10T08:34:55.737976+00:00,7afe13636bf6410d9d7e506549bcc8a9,queued,https://www.youtube.com/shorts/8vPGSjFQgOk
2026-03-10T08:34:55.832627+00:00,40422c69daab4d04a55d2d1b24753c45,queued,https://www.youtube.com/shorts/1_3WUR6tBKs
2026-03-10T08:34:55.921166+00:00,4aeb66732b324729882f328ca616f343,queued,https://www.youtube.com/shorts/PA5tPdCeQpo
2026-03-10T08:34:56.026774+00:00,9c365e7f482a425fbc3662bf32a3b6be,queued,https://www.youtube.com/shorts/wqMQNIlzdGk
2026-03-10T08:34:56.119781+00:00,ca921fc5dd6a462cbcacfa15654d8526,queued,https://www.youtube.com/shorts/sLR-1sZqROo
2026-03-10T08:34:56.208889+00:00,840bd5abcc3d4d238a8a8dcbc95493ec,queued,https://www.youtube.com/shorts/xaXVaXfTG0c
2026-03-10T08:34:56.295183+00:00,ab5062b3f63c441fa262611ec29025f3,queued,https://www.youtube.com/shorts/a5CNaTHwPXA
2026-03-10T08:34:56.390730+00:00,3d18e20ef5e24a5990e7e7bff5ff69f0,queued,https://www.youtube.com/shorts/Hh0WJ18fut8
2026-03-10T08:34:56.478470+00:00,8d4f8c8e1c9040e587cd771f6441dd58,queued,https://www.youtube.com/shorts/sT4gBBdgDuQ
2026-03-10T08:34:56.568224+00:00,c9a007b4495b4d22b909fc6545b47d03,queued,https://www.youtube.com/shorts/S-A1upowdJI
2026-03-10T08:34:56.660716+00:00,80cd0f5e1ae54752aa97189256331138,queued,https://www.youtube.com/shorts/GaU2og5snfk
2026-03-10T08:34:56.747736+00:00,f04b6ee5df94434aa7714406f5f25f38,queued,https://www.youtube.com/shorts/He7oCf7hO8A
2026-03-10T08:34:56.839809+00:00,3912da0d10d048e5b64e9579a6402e6e,queued,https://www.youtube.com/shorts/H6dImOh3yBM
2026-03-10T08:34:56.931530+00:00,3694d167bc16465da92f89a19df26b42,queued,https://www.youtube.com/shorts/NeZEhryEIcg
2026-03-10T08:34:57.018388+00:00,47d47d23f83044a59a05936781dbb287,queued,https://www.youtube.com/shorts/MSvkCl-tN5w
2026-03-10T08:34:57.111826+00:00,3a1a4bb9eedf4934a247cc3bf6b68cd3,queued,https://www.youtube.com/shorts/z_xRkaWvjW0
2026-03-10T08:34:57.202045+00:00,4dda4d64f17e4da1aa5cb9de7f7194c2,queued,https://www.youtube.com/shorts/mwGTWUSvGnc
2026-03-10T08:34:57.291058+00:00,38c01f457aad49e09c622c5e183d96cc,queued,https://www.youtube.com/shorts/1rkAulAoXp0
2026-03-10T08:34:57.380401+00:00,92e60e6deffc4169ba37a7e305eb7c04,queued,https://www.youtube.com/shorts/xMajJl1iU3c
2026-03-10T08:34:57.470837+00:00,81c0f450171f4b499d14f6e935d69fdf,queued,https://www.youtube.com/shorts/J0iIQ629N2c
2026-03-10T08:34:57.567286+00:00,f797a1b11cf74ee6b7d14bcaf8af99f5,queued,https://www.youtube.com/shorts/B3wSbmi7ejw
2026-03-10T08:34:57.657191+00:00,a1ad70d1864f46789c2edbd507acab55,queued,https://www.youtube.com/shorts/oqllm0y2lkg
2026-03-10T08:34:57.743536+00:00,0fdd9177ad8f43ad82864ec8355c3cc1,queued,https://www.youtube.com/shorts/ky6cV2YdLaI
2026-03-10T08:34:57.829412+00:00,fd71d5bce4b140c1b48d2235ddb0ab71,queued,https://www.youtube.com/shorts/Xmg0-2voDdQ
2026-03-10T08:34:57.917252+00:00,62b4b473a1584914a952339f5b9e5f1a,queued,https://www.youtube.com/shorts/9rMswm1aRIE
2026-03-10T08:34:58.011424+00:00,e288d7de20944b8b832002a6c9ebc3a3,queued,https://www.youtube.com/shorts/09IwpgYlXr8
2026-03-10T08:34:58.103634+00:00,c5fefdf0335d47fcbfec1ab3b086d915,queued,https://www.youtube.com/shorts/6H5AImEWu0s
2026-03-10T08:34:58.192386+00:00,72f449c3f0c14a33be10e3d951ea258b,queued,https://www.youtube.com/shorts/hMWv6zvC44U
2026-03-10T08:34:58.278131+00:00,51677340106b47f6be8cf52e8f76998f,queued,https://www.youtube.com/shorts/fxxeOGUg3Qc
2026-03-10T08:34:58.368931+00:00,27f62e7a2ade4b8e83255efef082d1db,queued,https://www.youtube.com/shorts/k22CVgKcCeg
2026-03-10T08:34:58.472616+00:00,42e6a18cf6e8467bb4b7921a30393056,queued,https://www.youtube.com/shorts/DKOFyIIuzOM
2026-03-10T08:34:58.571036+00:00,2f6d0f9406d646e2984eece964716140,queued,https://www.youtube.com/shorts/PUwhrmjHKTI
2026-03-10T08:34:58.659224+00:00,449cecdb35b14efbaee2402e609e536b,queued,https://www.youtube.com/shorts/VqtZNQW6qzg
2026-03-10T08:34:58.756901+00:00,f3498a22ff06422f9bdc668ffe508f04,queued,https://www.youtube.com/shorts/jbGEQX-quVs
2026-03-10T08:34:58.848777+00:00,0ebf48984cf0456cb9756453522bc000,queued,https://www.youtube.com/shorts/Q4UgFD23XfU
2026-03-10T08:34:58.940197+00:00,3264eed02fb846cebb9b17a802d9f8e2,queued,https://www.youtube.com/shorts/35q2HcdYlek
2026-03-10T08:34:59.034866+00:00,8b9c18dbdc934e5bb29a30568b5a2c8e,queued,https://www.youtube.com/shorts/Xp_hwCg4t6U
2026-03-10T08:34:59.147324+00:00,eb0c644c4143493387da1b5b9b915d2d,queued,https://www.youtube.com/shorts/Sbx98IsG_vM
2026-03-10T08:34:59.239039+00:00,7caf888e8cad48128e33238a75f36ad1,queued,https://www.youtube.com/shorts/B_0fYrKSnnM
2026-03-10T08:34:59.339350+00:00,954fd5cd6a3449caa05dfaeebc96a913,queued,https://www.youtube.com/shorts/I5B3-6ku_mk
2026-03-10T08:34:59.434806+00:00,70834ed543a74f58955c8b40e5c50fe5,queued,https://www.youtube.com/shorts/ZUnfX61rYUY
2026-03-10T08:34:59.522264+00:00,d2692b7c40114ec98ac1b03e3b43f12d,queued,https://www.youtube.com/shorts/2Qn09nVrpT0
2026-03-10T08:34:59.609569+00:00,b245fc8622714629aff1e9d242d1892c,queued,https://www.youtube.com/shorts/0RX4V4M-f1U
2026-03-10T08:34:59.701577+00:00,7dcb8428eba84e3aaa49b0b310522a7f,queued,https://www.youtube.com/shorts/eTJ2pSC05dQ
2026-03-10T08:34:59.787780+00:00,3120ff1ec19147b28d3668234a301947,queued,https://www.youtube.com/shorts/-Z4GZCN4V8A
2026-03-10T08:34:59.903319+00:00,eb732d61893743edbfd4b224d7d46d5f,queued,https://www.youtube.com/shorts/j5rwCpW92-4
2026-03-10T08:34:59.991474+00:00,a8c2cea5a71348a780c192498a97a888,queued,https://www.youtube.com/shorts/KiZhxPo26nk
2026-03-10T08:35:00.083149+00:00,1bf193b370564859a49f7279af414c00,queued,https://www.youtube.com/shorts/GTw7wk-4ai4
2026-03-10T08:35:00.175566+00:00,5ae2bb5f1b484b1290a65eedf89126e4,queued,https://www.youtube.com/shorts/5H1EIqp-PvA
2026-03-10T08:35:00.343978+00:00,d6afeb96b4e14d52a23df8300775e709,queued,https://www.youtube.com/shorts/CTnfsi8XLFc
2026-03-10T08:35:00.435355+00:00,107755d8186744d68f5c89328c704604,queued,https://www.youtube.com/shorts/MqRZSl7MMHA
2026-03-10T08:35:00.528752+00:00,fb317b3451af4d7198664f3ee9244275,queued,https://www.youtube.com/shorts/PB_gqLDRM4o
2026-03-10T08:35:00.625473+00:00,d6c351f252d94872a8fc76eabe548e4f,queued,https://www.youtube.com/shorts/VEAimqwBm1Q
2026-03-10T08:35:00.717262+00:00,5d30d7f583454320a401edf2c2e711aa,queued,https://www.youtube.com/shorts/vxJkBOkeNqE
2026-03-10T08:35:00.807049+00:00,1d8a88fadae9439e91d2ed2da6ce8ab5,queued,https://www.youtube.com/shorts/jPueqeAmpHs
2026-03-10T08:35:00.896486+00:00,749e6156fdd142cbaa6b1217eacacd8c,queued,https://www.youtube.com/shorts/1tKxmn1HMvA
2026-03-10T08:35:00.988960+00:00,ca560fe7776645cdaf328006ffffbece,queued,https://www.youtube.com/shorts/mW7UX65xd1M
2026-03-10T08:35:01.082428+00:00,818959a6443d4ac5a36ddace64681fdf,queued,https://www.youtube.com/shorts/TeawrWwLD9U
2026-03-10T08:35:01.173046+00:00,e2ec48bf8f7a47bfacff42d5946cab18,queued,https://www.youtube.com/shorts/1q3J3RXdJQM
2026-03-10T08:35:01.264954+00:00,4c20a0a966a24883b6b2a7903eda852d,queued,https://www.youtube.com/shorts/g0_hflEWnCU
2026-03-10T08:35:01.348885+00:00,01905da77e1c4144ae78082667a9e7ff,queued,https://www.youtube.com/shorts/MxfkDg_4Rs0
2026-03-10T08:35:01.445226+00:00,55a63198347b49feaaa8d9767f3c8ecb,queued,https://www.youtube.com/shorts/VDxJkAu4TaI
2026-03-10T08:35:01.539998+00:00,a25c61855ad3443aa16f750651fd2927,queued,https://www.youtube.com/shorts/vhTvcA-mBr4
2026-03-10T08:35:01.627441+00:00,3a78fb49d7194032be44587ebdc87f6a,queued,https://www.youtube.com/shorts/8gw-WAIYdGs
2026-03-10T08:35:01.716258+00:00,1fad28df8eeb4b64a89e56ecabedd6b4,queued,https://www.youtube.com/shorts/i6Aba621UHQ
2026-03-10T08:35:01.802533+00:00,5637327bc8bd4676ad132e991215038c,queued,https://www.youtube.com/shorts/nGKXwcdabYA
2026-03-10T08:35:01.894120+00:00,a5188a043f174e71ad739bd827e148d7,queued,https://www.youtube.com/shorts/tz8S-x3XeDw
2026-03-10T08:35:01.983330+00:00,19f15d0088b14b43b9290c49bb891120,queued,https://www.youtube.com/shorts/bxuhIo2CIVc
2026-03-10T08:35:02.135990+00:00,051f3964d2744d14a1e017c88aca49af,queued,https://www.youtube.com/shorts/cAnJ9sB2k20
2026-03-10T08:35:02.222370+00:00,5c3add0abdb84a3a87ac4a2b810a9727,queued,https://www.youtube.com/shorts/Z9aTG6YwcEg
2026-03-10T08:35:02.311046+00:00,03e8b751e07a4be4804bb95bcb4424e6,queued,https://www.youtube.com/shorts/CHhJIHDlMv8
2026-03-10T08:35:02.401726+00:00,75d21ba42cbe4cff82364aac83fe629f,queued,https://www.youtube.com/shorts/NmHBfbDkbRY
2026-03-10T08:35:02.518586+00:00,c8e35bee44af44479dfcb69e7bd87af7,queued,https://www.youtube.com/shorts/lzWf4nYOBZQ
2026-03-10T08:35:02.614506+00:00,59af5caa121b4641a2992931dcf40de3,queued,https://www.youtube.com/shorts/PCqqD4QIUGQ
2026-03-10T08:35:02.703553+00:00,6033cbcb95044a4faa89c3814eb8c464,queued,https://www.youtube.com/shorts/0cFDa458GyQ
2026-03-10T08:35:02.799736+00:00,6631852f43264244b04865a9b92cea77,queued,https://www.youtube.com/shorts/JGcJylThTGU
2026-03-10T08:35:02.892170+00:00,49b476ecbf614b3fb042b08495dd084e,queued,https://www.youtube.com/shorts/EeEu8pvw_5Y
2026-03-10T08:35:02.986705+00:00,7854e1f7e9b64e93b446542f11cf16fb,queued,https://www.youtube.com/shorts/tDvhJ46JBdo
2026-03-10T08:35:03.089688+00:00,455f6f56e4aa45e2852cd027735dfb58,queued,https://www.youtube.com/shorts/YXtO__P_4b4
2026-03-10T08:35:03.177670+00:00,ce6eaa54630f4ad49321f9254734a789,queued,https://www.youtube.com/shorts/rLzqupI-UdI
2026-03-10T08:35:03.267196+00:00,4f63d7b0deb64fc2917494f1df9b8524,queued,https://www.youtube.com/shorts/UwkC76sKPOU
2026-03-10T08:35:03.352795+00:00,81936652403d4d1abc68836e9aa6640f,queued,https://www.youtube.com/shorts/6nvCRVJwsZ4
2026-03-10T08:35:03.441128+00:00,475ea965c630488281a366232c9c5892,queued,https://www.youtube.com/shorts/X8Ev_Lzyay4
2026-03-10T08:35:03.529203+00:00,c439cae8afe14b46a2c12a27afdffddf,queued,https://www.youtube.com/shorts/o6_B7UdKydQ
2026-03-10T08:35:03.618001+00:00,e8443c036a5443c688a2d5e1a0b4d10b,queued,https://www.youtube.com/shorts/j4d7nKyvuzo
2026-03-10T08:35:03.715127+00:00,2e26f0f59ed64de1aa62154bfbbb6aa8,queued,https://www.youtube.com/shorts/XulN4FZCqJ4
2026-03-10T08:35:03.806129+00:00,660023b5e2ea43398ac2486ead610f78,queued,https://www.youtube.com/shorts/9zfk9aLwLl0
2026-03-10T08:35:03.901064+00:00,f15fd633b6264ee3abea9c81035da225,queued,https://www.youtube.com/shorts/Pu9xAVgXPHw
2026-03-10T08:35:03.986999+00:00,2a05365ba69f4a8e8be0a61970bd3d8b,queued,https://www.youtube.com/shorts/lwWhOvfM2wY
2026-03-10T08:35:04.074018+00:00,97b45056e63147da904d7cb25f254d5e,queued,https://www.youtube.com/shorts/slDUyX6CCL8
2026-03-10T08:35:04.165988+00:00,df54cb159d6a4bcb9253d16b3942ae7f,queued,https://www.youtube.com/shorts/xFRGJl3UhYI
2026-03-10T08:35:04.257021+00:00,d18227c1b4ad4bf09106b81e2f71e293,queued,https://www.youtube.com/shorts/qrZM4JNJSk8
2026-03-10T08:35:04.341533+00:00,17a90015bafd4bb094bec06c5261a590,queued,https://www.youtube.com/shorts/B7GOaPKXvwc
2026-03-10T08:35:04.430157+00:00,8b1cc02148df4b25926df4ebe8e4c576,queued,https://www.youtube.com/shorts/QFlU9sDkbHI
2026-03-10T08:35:04.532459+00:00,e682f292c06e45018c3c2dafe44e4452,queued,https://www.youtube.com/shorts/FWeOvOQ7h2Y
2026-03-10T08:35:04.622749+00:00,c167fd117bf24d3085da7f37c97f6c0f,queued,https://www.youtube.com/shorts/C_jTG8Kt21c
2026-03-10T08:35:04.732254+00:00,fe06541520ea4654b3e473872571ebdb,queued,https://www.youtube.com/shorts/ZrYZn74gkqA
2026-03-10T08:35:04.822736+00:00,3cded55eb6854b2e82dc35dcee6fbac2,queued,https://www.youtube.com/shorts/YOla8Witpsw
2026-03-10T08:35:04.909749+00:00,0f20393e63ad44b8accb2e840bbb7c68,queued,https://www.youtube.com/shorts/3IOiiZ0LfgE
2026-03-10T08:35:04.995692+00:00,17f0c73d912446b290367af034357d07,queued,https://www.youtube.com/shorts/xnWPP06YsiQ
2026-03-10T08:35:05.081805+00:00,17b0d350af834dacaa5a2d41f78bf0a4,queued,https://www.youtube.com/shorts/IaPLLZ3bPwo
2026-03-10T08:35:05.173157+00:00,a053ecbe67fe426d86ba235467c97e40,queued,https://www.youtube.com/shorts/_SU1-NRZSTM
2026-03-10T08:35:05.260058+00:00,cef9950e00b649a99c612bb425160fcf,queued,https://www.youtube.com/shorts/B1wgiXjQSjQ
2026-03-10T08:35:05.349573+00:00,1c5dc730efcc4bcfab8f6afb2cbc3afc,queued,https://www.youtube.com/shorts/jiDHj4QOzZo
2026-03-10T08:35:05.443519+00:00,a02741cd078e4215a9d944cd6003de05,queued,https://www.youtube.com/shorts/5Ljy39FWzIg
2026-03-10T08:35:05.537763+00:00,74387041e320465b832de1a8ab110026,queued,https://www.youtube.com/shorts/LIXh1Wl77mw
2026-03-10T08:35:05.638380+00:00,14f709a1c7e04803a9a0a5b1622f9e3c,queued,https://www.youtube.com/shorts/DO4HN6lV0JA
2026-03-10T08:35:05.727289+00:00,eae0b95fbef445d89f23503440813a83,queued,https://www.youtube.com/shorts/1vmjTHhf7rc
2026-03-10T08:35:05.820304+00:00,4b64776ae85c460cbd4b9ca0efa84166,queued,https://www.youtube.com/shorts/R6XKXyVlFhg
2026-03-10T08:35:05.913054+00:00,608bfc9419324875851778589aeb8d54,queued,https://www.youtube.com/shorts/n55qur6tVL4
2026-03-10T08:35:06.004635+00:00,850a6b9a5c624f6d9a7717dd53f6cde2,queued,https://www.youtube.com/shorts/NIm4vcGD7t0
2026-03-10T08:35:06.092561+00:00,9e8ee64bc09640cbb41cfe56c441bb7a,queued,https://www.youtube.com/shorts/RYWzF7WdAGg
2026-03-10T08:35:06.190824+00:00,dc37256f3efd4d5cbe74d68bbfad21ce,queued,https://www.youtube.com/shorts/4Y_y79sZV84
2026-03-10T08:35:06.288158+00:00,e52b4a87395d46b19424c0b2ad2de8f3,queued,https://www.youtube.com/shorts/cejHgFGUyTo
2026-03-10T08:35:06.381623+00:00,196fa91060a24568aa93a8d05862ee52,queued,https://www.youtube.com/shorts/mGpB9oP2Rzc
2026-03-10T08:35:06.469225+00:00,dae01de638ed42578ab1ddc35f803bff,queued,https://www.youtube.com/shorts/oisrvYSqpNA
2026-03-10T08:35:06.581640+00:00,fd74210aa51d416baeb7266aaea6b499,queued,https://www.youtube.com/shorts/Ty8P6dDiJCM
2026-03-10T08:35:06.674553+00:00,01710fc2c0794eb0ab953f83655c1fcb,queued,https://www.youtube.com/shorts/MVq3H8ZCy04
2026-03-10T08:35:06.758043+00:00,1ecc2950edce40dcb32a62e9a18116a1,queued,https://www.youtube.com/shorts/88T44CZAjv4
2026-03-10T08:35:06.853768+00:00,f19c44c0adaf4a16b7abb48a7af73fc2,queued,https://www.youtube.com/shorts/oNFgkkEhatw
2026-03-10T08:35:06.949948+00:00,e7ad06fc5b1b4ab4a96701e6d36fe121,queued,https://www.youtube.com/shorts/D56BC6Dzerw
2026-03-10T08:35:07.047294+00:00,0671516517f44ba0bb711a4b129e10f3,queued,https://www.youtube.com/shorts/MlIGETwCPAA
2026-03-10T08:35:07.136930+00:00,d3f834bbd1c048ba9733fd4872f1c2b9,queued,https://www.youtube.com/shorts/WN_MnEy779E
2026-03-10T08:35:07.243009+00:00,be698f055c404ceba7e7ec97f1eee14d,queued,https://www.youtube.com/shorts/wlSSQb72MOM
2026-03-10T08:35:07.342668+00:00,6957733050df4a34a6e38a0edcef6b1b,queued,https://www.youtube.com/shorts/Eel46Cp2DV0
2026-03-10T08:35:07.431053+00:00,f9aff5c374984a52b661951318066b9e,queued,https://www.youtube.com/shorts/d-nlkEiOWcs
2026-03-10T08:35:07.515974+00:00,a71901a119f84eeaa8a69b6781e18757,queued,https://www.youtube.com/shorts/sO36e8PYCyg
2026-03-10T08:35:07.613000+00:00,9465e0261b0b47668eca08fdac8ddc6d,queued,https://www.youtube.com/shorts/P_3CYO0BXbc
2026-03-10T08:35:07.707183+00:00,a0a3075f352042d9a7946e5f915e62f9,queued,https://www.youtube.com/shorts/8OLAi6Eba98
