error,url
ConnectError,https://youtube.com/shorts/k--LbtL3PL0?si=fkCRaWF7GnxGVKEP
ConnectError,https://youtube.com/shorts/n-MbuVcPb_E?si=jRQNV17wMF8RoYUi
ConnectError,https://youtube.com/shorts/eewU22K5pmw?si=5a-WeZD3SiqJVtKj
ConnectError,https://youtube.com/shorts/nCDW3MqKsfI?si=wVHp3dadeaXQo--q
ConnectError,https://youtube.com/shorts/TwwrmOSYP4k?si=ZovWp3cH1zEy7Kpy
ConnectError,https://youtube.com/shorts/NDbh-ySbe8w?si=XKaift3Z4OZm3Alj
ConnectError,https://youtube.com/shorts/_XrfQLBpfwA?si=6FPgyKmVMcj8WxA7
ConnectError,https://youtube.com/shorts/gFgwZolVBnU?si=8cUY9eBzirD6rt5m
ConnectError,https://youtube.com/shorts/6TiH2zc9jrA?si=9_FT8gd91a8qbDvK
ConnectError,https://youtube.com/shorts/OfoGCX1YuUQ?si=ygUE9h47fSd8YQG8
ConnectError,https://youtube.com/shorts/dZrT-6uru7k?si=avP_ZK0lMNj38nfN
ConnectError,https://youtube.com/shorts/sUE6BQB8AQg?si=6w5huCf9srwWVEtH
ConnectError,https://youtube.com/shorts/9o0jFdLnlX0?si=vOIBnYjwk9Us7Cf7
ConnectError,https://youtube.com/shorts/Y0bT_zfCPfY?si=XahmlqfrSY85BLDD
ConnectError,https://youtube.com/shorts/G_CTX2CRZ0M?si=A7QM7R1RzVfAR3QD
ConnectError,https://youtube.com/shorts/cTyGbikT0vM?si=qQrlu4pH1lq8PT5o
ConnectError,https://youtube.com/shorts/49jJRNbuwqc?si=UYRvTjfAZsMHFEU-
ConnectError,https://youtube.com/shorts/on8eQbCF0wY?si=nmQJsUpRur7NiVZY
ConnectError,https://youtube.com/shorts/WvqddxQSCv8?si=qsNzWiqwtyYRLep9
ConnectError,https://youtube.com/shorts/ehmzuc70Fkc?si=_VFqhAdJjeiv7dem
ConnectError,https://youtube.com/shorts/3UjOTyvp698?si=j_SIW-e4kqhsKHkv
ConnectError,https://youtube.com/shorts/mt6POuw-a3g?si=1xLRs03XPMZ1BJBh
ConnectError,https://youtube.com/shorts/srsmWbUBxoI?si=u_44BdwBmRPE1v-y
ConnectError,https://youtube.com/shorts/aEC1q52Iuq0?si=zHzcowrU9DaJyqsS
ConnectError,https://www.youtube.com/shorts/m4jONF5bUUk
ConnectError,https://youtube.com/shorts/ZQJmsTiRVjo?si=Hyq0caRk0gnPhCw_
ConnectError,https://youtube.com/shorts/I-RQMA41Sfs?si=aS6aKyPQPvc2_QYN
ConnectError,https://youtube.com/shorts/O-ZVgZzRUwc?si=euZ46yqo568iBTsD
ConnectError,https://youtube.com/shorts/WAPHL4XIJSg?si=QYVwLz1UAjmsab5o
ConnectError,https://youtube.com/shorts/YrGAVDdAZ9k?si=xqfaYptLCkMIXc_E
ConnectError,https://youtube.com/shorts/CbiEvw1sJ4Q?si=Qd9qG3UzAM4vqRf-
ConnectError,https://youtube.com/shorts/Z_IdzWUdKAU?si=K6-fC92iZXhLxLqL
ConnectError,https://www.youtube.com/shorts/LmZR01Xldek
ConnectError,https://www.youtube.com/shorts/p65iofzssHI
ConnectError,https://www.youtube.com/shorts/QGhyVqC1sWA
ConnectError,https://www.youtube.com/shorts/kegGG_JWCns
ConnectError,https://www.youtube.com/shorts/SUzNotWexFQ
ConnectError,https://www.youtube.com/shorts/oqqz3xykhlQ
ConnectError,https://www.youtube.com/shorts/3sYnNGkjkhA
ConnectError,https://www.youtube.com/shorts/TVYl6v9f8us
ConnectError,https://www.youtube.com/shorts/DTXZGEAd4Z8
ConnectError,https://www.youtube.com/shorts/S1FHTrA89Ns
ConnectError,https://www.youtube.com/shorts/O8cZVAY3kLo
ConnectError,https://www.youtube.com/shorts/ih7q2SE5M18
ConnectError,https://www.youtube.com/shorts/1DRNwhg18NI
ConnectError,https://www.youtube.com/shorts/BRaeiCMuKpQ
ConnectError,https://www.youtube.com/shorts/T3qbhmbRavc
ConnectError,https://www.youtube.com/shorts/X30BmLLXm4w
ConnectError,https://www.youtube.com/shorts/RHv0ONFfMfk
ConnectError,https://www.youtube.com/shorts/t860h75QgNY
ConnectError,https://www.youtube.com/shorts/7h_rLG16-sk
ConnectError,https://www.youtube.com/shorts/q2G4UyWLOGs
ConnectError,https://www.youtube.com/shorts/kFuT0PDVMNw
ConnectError,https://www.youtube.com/shorts/fAbY9wKoVXY
ConnectError,https://www.youtube.com/shorts/GZ6lJzWvoEM
ConnectError,https://www.youtube.com/shorts/zE8iYfWjw9w
ConnectError,https://www.youtube.com/shorts/zrTpC_nznGE
ConnectError,https://www.youtube.com/shorts/ZejtlQykGm8
ConnectError,https://www.youtube.com/shorts/ZvLMZ_ifmns
ConnectError,https://www.youtube.com/shorts/A54DmtWBFA8
ConnectError,https://www.youtube.com/shorts/VoaXkzJVtIo
ConnectError,https://www.youtube.com/shorts/TX3XpIkFZKs
ConnectError,https://www.youtube.com/shorts/yBX7wor18p4
ConnectError,https://www.youtube.com/shorts/IYIfUQ__hQc
ConnectError,https://www.youtube.com/shorts/gy6DPX0sLtc
ConnectError,https://www.youtube.com/shorts/HiDGfFOzfnk
ConnectError,https://www.youtube.com/shorts/FFr7JJcJwEg
ConnectError,https://www.youtube.com/shorts/cixocSycC3A
ConnectError,https://www.youtube.com/shorts/p4AGbTnsxs8
ConnectError,https://www.youtube.com/shorts/c4w4I9n-EQE
ConnectError,https://www.youtube.com/shorts/xs4AsbRqoT4
ConnectError,https://www.youtube.com/shorts/dyUed97vESs
ConnectError,https://www.youtube.com/shorts/v4IlwQInULQ
ConnectError,https://www.youtube.com/shorts/YugawDL8G4M
ConnectError,https://www.youtube.com/shorts/mUcS2bIy6Lk
ConnectError,https://www.youtube.com/shorts/Hc0dFVz8Z5o
ConnectError,https://www.youtube.com/shorts/UxXxnS6AbDo
ConnectError,https://www.youtube.com/shorts/MprxJKJ5RC8
ConnectError,https://www.youtube.com/shorts/flh6ZpFawFo
ConnectError,https://www.youtube.com/shorts/w4kMt3sXZoM
ConnectError,https://www.youtube.com/shorts/rVwRoSF9_1Q
ConnectError,https://www.youtube.com/shorts/KriiolXfPPY
ConnectError,https://www.youtube.com/shorts/jfmG2iigvG8
ConnectError,https://www.youtube.com/shorts/OxiH1xzJhgA
ConnectError,https://www.youtube.com/shorts/IxzRPI3CL3w
ConnectError,https://www.youtube.com/shorts/s0e24Oak93o
ConnectError,https://www.youtube.com/shorts/EBohWCR33zs
ConnectError,https://www.youtube.com/shorts/wYhC2MXliGk
ConnectError,https://www.youtube.com/shorts/X2cEvpFoaKQ
ConnectError,https://www.youtube.com/shorts/PdxfqLj439o
ConnectError,https://www.youtube.com/shorts/X-ky2lIGJX8
ConnectError,https://www.youtube.com/shorts/Ibc3hflWKLQ
ConnectError,https://www.youtube.com/shorts/-Nf6tZst7fw
ConnectError,https://www.youtube.com/shorts/Pm7bR2e6kcM
ConnectError,https://www.youtube.com/shorts/C64TlSC1PXE
ConnectError,https://www.youtube.com/shorts/sVorW62B8yM
ConnectError,https://www.youtube.com/shorts/leMefrvElYA
ConnectError,https://www.youtube.com/shorts/wttsweiGXZ8
ConnectError,https://www.youtube.com/shorts/tMvOp-pbyb8
ConnectError,https://www.youtube.com/shorts/G1lURknjmxM
ConnectError,https://www.youtube.com/shorts/xFYkuraE5gQ
ConnectError,https://www.youtube.com/shorts/fG2CO2HPhRc
ConnectError,https://www.youtube.com/shorts/FNgxSv2vfZY
ConnectError,https://www.youtube.com/shorts/H_YiO7IP8F0
ConnectError,https://www.youtube.com/shorts/yeukgKerfqM
ConnectError,https://www.youtube.com/shorts/utAPr-JssTY
ConnectError,https://www.youtube.com/shorts/48BnYG54694
ConnectError,https://www.youtube.com/shorts/MU3yH489oZY
ConnectError,https://www.youtube.com/shorts/Tjrho4MWuTM
ConnectError,https://www.youtube.com/shorts/SHWvFyOT5cs
ConnectError,https://www.youtube.com/shorts/VvXlIkTtJow
ConnectError,https://www.youtube.com/shorts/fxn9pORPOTo
ConnectError,https://www.youtube.com/shorts/PeVuVY8EJYA
ConnectError,https://www.youtube.com/shorts/xddSSmo3CIo
ConnectError,https://www.youtube.com/shorts/sKDr4wKPeF8
ConnectError,https://www.youtube.com/shorts/fHyQSQd6fQ4
ConnectError,https://www.youtube.com/shorts/b1YJb3dA3Zk
ConnectError,https://www.youtube.com/shorts/dHaKNQEz7Ns
ConnectError,https://www.youtube.com/shorts/-TjojsxYU6U
ConnectError,https://www.youtube.com/shorts/8vPGSjFQgOk
ConnectError,https://www.youtube.com/shorts/sT4gBBdgDuQ
ConnectError,https://www.youtube.com/shorts/nxh-f_UOVcM
ConnectError,https://www.youtube.com/shorts/UriesRczjSM
ConnectError,https://www.youtube.com/shorts/PA5tPdCeQpo
ConnectError,https://www.youtube.com/shorts/wqMQNIlzdGk
ConnectError,https://www.youtube.com/shorts/xaXVaXfTG0c
ConnectError,https://www.youtube.com/shorts/yLcLHLmewRw
ConnectError,https://www.youtube.com/shorts/1_3WUR6tBKs
ConnectError,https://www.youtube.com/shorts/Hh0WJ18fut8
ConnectError,https://www.youtube.com/shorts/a5CNaTHwPXA
ConnectError,https://www.youtube.com/shorts/sLR-1sZqROo
ConnectError,https://www.youtube.com/shorts/He7oCf7hO8A
ConnectError,https://www.youtube.com/shorts/S-A1upowdJI
ConnectError,https://www.youtube.com/shorts/H6dImOh3yBM
ConnectError,https://www.youtube.com/shorts/z_xRkaWvjW0
ConnectError,https://www.youtube.com/shorts/NeZEhryEIcg
ConnectError,https://www.youtube.com/shorts/J0iIQ629N2c
ConnectError,https://www.youtube.com/shorts/B3wSbmi7ejw
ConnectError,https://www.youtube.com/shorts/MSvkCl-tN5w
ConnectError,https://www.youtube.com/shorts/GaU2og5snfk
ConnectError,https://www.youtube.com/shorts/1rkAulAoXp0
ConnectError,https://www.youtube.com/shorts/xMajJl1iU3c
ConnectError,https://www.youtube.com/shorts/oqllm0y2lkg
ConnectError,https://www.youtube.com/shorts/mwGTWUSvGnc
ConnectError,https://www.youtube.com/shorts/6H5AImEWu0s
ConnectError,https://www.youtube.com/shorts/9rMswm1aRIE
ConnectError,https://www.youtube.com/shorts/09IwpgYlXr8
ConnectError,https://www.youtube.com/shorts/hMWv6zvC44U
ConnectError,https://www.youtube.com/shorts/ky6cV2YdLaI
ConnectError,https://www.youtube.com/shorts/Xmg0-2voDdQ
ConnectError,https://www.youtube.com/shorts/PUwhrmjHKTI
ConnectError,https://www.youtube.com/shorts/DKOFyIIuzOM
ConnectError,https://www.youtube.com/shorts/Xp_hwCg4t6U
ConnectError,https://www.youtube.com/shorts/k22CVgKcCeg
ConnectError,https://www.youtube.com/shorts/jbGEQX-quVs
ConnectError,https://www.youtube.com/shorts/35q2HcdYlek
ConnectError,https://www.youtube.com/shorts/B_0fYrKSnnM
ConnectError,https://www.youtube.com/shorts/fxxeOGUg3Qc
ConnectError,https://www.youtube.com/shorts/I5B3-6ku_mk
ConnectError,https://www.youtube.com/shorts/VqtZNQW6qzg
ConnectError,https://www.youtube.com/shorts/Q4UgFD23XfU
ConnectError,https://www.youtube.com/shorts/2Qn09nVrpT0
ConnectError,https://www.youtube.com/shorts/Sbx98IsG_vM
ConnectError,https://www.youtube.com/shorts/eTJ2pSC05dQ
ConnectError,https://www.youtube.com/shorts/0RX4V4M-f1U
ConnectError,https://www.youtube.com/shorts/-Z4GZCN4V8A
ConnectError,https://www.youtube.com/shorts/ZUnfX61rYUY
ConnectError,https://www.youtube.com/shorts/PB_gqLDRM4o
ConnectError,https://www.youtube.com/shorts/CTnfsi8XLFc
ConnectError,https://www.youtube.com/shorts/1tKxmn1HMvA
ConnectError,https://www.youtube.com/shorts/TeawrWwLD9U
ConnectError,https://www.youtube.com/shorts/KiZhxPo26nk
ConnectError,https://www.youtube.com/shorts/MqRZSl7MMHA
ConnectError,https://www.youtube.com/shorts/j5rwCpW92-4
ConnectError,https://www.youtube.com/shorts/5H1EIqp-PvA
ConnectError,https://www.youtube.com/shorts/GTw7wk-4ai4
ConnectError,https://www.youtube.com/shorts/jPueqeAmpHs
ConnectError,https://www.youtube.com/shorts/mW7UX65xd1M
ConnectError,https://www.youtube.com/shorts/vxJkBOkeNqE
ConnectError,https://www.youtube.com/shorts/VEAimqwBm1Q
ConnectError,https://www.youtube.com/shorts/1q3J3RXdJQM
ConnectError,https://www.youtube.com/shorts/vhTvcA-mBr4
ConnectError,https://www.youtube.com/shorts/MxfkDg_4Rs0
ConnectError,https://www.youtube.com/shorts/nGKXwcdabYA
ConnectError,https://www.youtube.com/shorts/8gw-WAIYdGs
ConnectError,https://www.youtube.com/shorts/g0_hflEWnCU
ConnectError,https://www.youtube.com/shorts/i6Aba621UHQ
ConnectError,https://www.youtube.com/shorts/cAnJ9sB2k20
ConnectError,https://www.youtube.com/shorts/bxuhIo2CIVc
ConnectError,https://www.youtube.com/shorts/Z9aTG6YwcEg
ConnectError,https://www.youtube.com/shorts/VDxJkAu4TaI
ConnectError,https://www.youtube.com/shorts/tz8S-x3XeDw
ConnectError,https://www.youtube.com/shorts/NmHBfbDkbRY
ConnectError,https://www.youtube.com/shorts/0cFDa458GyQ
ConnectError,https://www.youtube.com/shorts/PCqqD4QIUGQ
ConnectError,https://www.youtube.com/shorts/lzWf4nYOBZQ
ConnectError,https://www.youtube.com/shorts/CHhJIHDlMv8
ConnectError,https://www.youtube.com/shorts/JGcJylThTGU
ConnectError,https://www.youtube.com/shorts/tDvhJ46JBdo
ConnectError,https://www.youtube.com/shorts/YXtO__P_4b4
ConnectError,https://www.youtube.com/shorts/6nvCRVJwsZ4
ConnectError,https://www.youtube.com/shorts/UwkC76sKPOU
ConnectError,https://www.youtube.com/shorts/EeEu8pvw_5Y
ConnectError,https://www.youtube.com/shorts/Pu9xAVgXPHw
ConnectError,https://www.youtube.com/shorts/j4d7nKyvuzo
ConnectError,https://www.youtube.com/shorts/9zfk9aLwLl0
ConnectError,https://www.youtube.com/shorts/rLzqupI-UdI
ConnectError,https://www.youtube.com/shorts/X8Ev_Lzyay4
ConnectError,https://www.youtube.com/shorts/XulN4FZCqJ4
ConnectError,https://www.youtube.com/shorts/o6_B7UdKydQ
ConnectError,https://www.youtube.com/shorts/slDUyX6CCL8
ConnectError,https://www.youtube.com/shorts/lwWhOvfM2wY
ConnectError,https://www.youtube.com/shorts/qrZM4JNJSk8
ConnectError,https://www.youtube.com/shorts/xFRGJl3UhYI
ConnectError,https://www.youtube.com/shorts/B7GOaPKXvwc
ConnectError,https://www.youtube.com/shorts/3IOiiZ0LfgE
ConnectError,https://www.youtube.com/shorts/C_jTG8Kt21c
ConnectError,https://www.youtube.com/shorts/YOla8Witpsw
ConnectError,https://www.youtube.com/shorts/FWeOvOQ7h2Y
ConnectError,https://www.youtube.com/shorts/_SU1-NRZSTM
ConnectError,https://www.youtube.com/shorts/xnWPP06YsiQ
ConnectError,https://www.youtube.com/shorts/ZrYZn74gkqA
ConnectError,https://www.youtube.com/shorts/QFlU9sDkbHI
ConnectError,https://www.youtube.com/shorts/B1wgiXjQSjQ
ConnectError,https://www.youtube.com/shorts/jiDHj4QOzZo
ConnectError,https://www.youtube.com/shorts/5Ljy39FWzIg
ConnectError,https://www.youtube.com/shorts/LIXh1Wl77mw
ConnectError,https://www.youtube.com/shorts/IaPLLZ3bPwo
ConnectError,https://www.youtube.com/shorts/DO4HN6lV0JA
ConnectError,https://www.youtube.com/shorts/R6XKXyVlFhg
ConnectError,https://www.youtube.com/shorts/1vmjTHhf7rc
ConnectError,https://www.youtube.com/shorts/RYWzF7WdAGg
ConnectError,https://www.youtube.com/shorts/MVq3H8ZCy04
ConnectError,https://www.youtube.com/shorts/NIm4vcGD7t0
ConnectError,https://www.youtube.com/shorts/mGpB9oP2Rzc
ConnectError,https://www.youtube.com/shorts/n55qur6tVL4
ConnectError,https://www.youtube.com/shorts/oisrvYSqpNA
ConnectError,https://www.youtube.com/shorts/4Y_y79sZV84
ConnectError,https://www.youtube.com/shorts/cejHgFGUyTo
ConnectError,https://www.youtube.com/shorts/Ty8P6dDiJCM
ConnectError,https://www.youtube.com/shorts/88T44CZAjv4
ConnectError,https://www.youtube.com/shorts/WN_MnEy779E
ConnectError,https://www.youtube.com/shorts/oNFgkkEhatw
ConnectError,https://www.youtube.com/shorts/wlSSQb72MOM
ConnectError,https://www.youtube.com/shorts/D56BC6Dzerw
ConnectError,https://www.youtube.com/shorts/MlIGETwCPAA
ConnectError,https://www.youtube.com/shorts/sO36e8PYCyg
ConnectError,https://www.youtube.com/shorts/P_3CYO0BXbc
ConnectError,https://www.youtube.com/shorts/d-nlkEiOWcs
ConnectError,https://www.youtube.com/shorts/Eel46Cp2DV0
ConnectError,https://www.youtube.com/shorts/8OLAi6Eba98
