credibility_score,error,evidence_level,evidence_total_tokens,generation_origin_level,generation_origin_score,notes,raw,top_claim_confidence,top_claim_status,url
67.56,,low,17,low,1.3,Normalized input URL to canonical format before analysis. | Could not fetch YouTube metadata via yt-dlp. | Recovered metadata from YouTube oEmbed (author: NewGen). | Could not fetch YouTube transcript (disabled/unavailable). | Using deterministic YouTube thumbnail URL fallback for visual metadata checks. | Added thumbnail metadata signals (open-source fallback).,,0.52,not_enough_evidence,https://youtube.com/shorts/_XrfQLBpfwA?si=6FPgyKmVMcj8WxA7
68.39,,low,25,low,1.3,Normalized input URL to canonical format before analysis. | Could not fetch YouTube metadata via yt-dlp. | Recovered metadata from YouTube oEmbed (author: JesssFam). | Could not fetch YouTube transcript (disabled/unavailable). | Using deterministic YouTube thumbnail URL fallback for visual metadata checks. | Added thumbnail metadata signals (open-source fallback).,,0.52,not_enough_evidence,https://youtube.com/shorts/n-MbuVcPb_E?si=jRQNV17wMF8RoYUi
67.77,,low,19,low,1.3,Normalized input URL to canonical format before analysis. | Could not fetch YouTube metadata via yt-dlp. | Recovered metadata from YouTube oEmbed (author: James and Deanna). | Could not fetch YouTube transcript (disabled/unavailable). | Using deterministic YouTube thumbnail URL fallback for visual metadata checks. | Added thumbnail metadata signals (open-source fallback).,,0.52,not_enough_evidence,https://youtube.com/shorts/gFgwZolVBnU?si=8cUY9eBzirD6rt5m
,curl: (28) Operation timed out after 45006 milliseconds with 0 bytes received,,,,,,,,,https://youtube.com/shorts/TwwrmOSYP4k?si=ZovWp3cH1zEy7Kpy
,curl: (28) Operation timed out after 45004 milliseconds with 0 bytes received,,,,,,,,,https://youtube.com/shorts/Y0bT_zfCPfY?si=XahmlqfrSY85BLDD
,curl: (28) Operation timed out after 45002 milliseconds with 0 bytes received,,,,,,,,,https://youtube.com/shorts/nCDW3MqKsfI?si=wVHp3dadeaXQo--q
,curl: (56) Recv failure: Connection reset by peer,,,,,,,,,https://youtube.com/shorts/NDbh-ySbe8w?si=XKaift3Z4OZm3Alj
,curl: (28) Operation timed out after 45006 milliseconds with 0 bytes received,,,,,,,,,https://youtube.com/shorts/eewU22K5pmw?si=5a-WeZD3SiqJVtKj
,curl: (28) Operation timed out after 45004 milliseconds with 0 bytes received,,,,,,,,,https://youtube.com/shorts/sUE6BQB8AQg?si=6w5huCf9srwWVEtH
,curl: (28) Operation timed out after 45005 milliseconds with 0 bytes received,,,,,,,,,https://youtube.com/shorts/k--LbtL3PL0?si=fkCRaWF7GnxGVKEP
,curl: (28) Operation timed out after 45004 milliseconds with 0 bytes received,,,,,,,,,https://youtube.com/shorts/6TiH2zc9jrA?si=9_FT8gd91a8qbDvK
,curl: (28) Operation timed out after 45005 milliseconds with 0 bytes received,,,,,,,,,https://youtube.com/shorts/dZrT-6uru7k?si=avP_ZK0lMNj38nfN
,curl: (28) Operation timed out after 45005 milliseconds with 0 bytes received,,,,,,,,,https://youtube.com/shorts/9o0jFdLnlX0?si=vOIBnYjwk9Us7Cf7
,curl: (28) Operation timed out after 45000 milliseconds with 0 bytes received,,,,,,,,,https://youtube.com/shorts/OfoGCX1YuUQ?si=ygUE9h47fSd8YQG8
,curl: (28) Operation timed out after 45006 milliseconds with 0 bytes received,,,,,,,,,https://youtube.com/shorts/cTyGbikT0vM?si=qQrlu4pH1lq8PT5o
,curl: (28) Operation timed out after 45004 milliseconds with 0 bytes received,,,,,,,,,https://youtube.com/shorts/G_CTX2CRZ0M?si=A7QM7R1RzVfAR3QD
,curl: (28) Operation timed out after 45001 milliseconds with 0 bytes received,,,,,,,,,https://youtube.com/shorts/49jJRNbuwqc?si=UYRvTjfAZsMHFEU-
,curl: (28) Operation timed out after 45003 milliseconds with 0 bytes received,,,,,,,,,https://youtube.com/shorts/WvqddxQSCv8?si=qsNzWiqwtyYRLep9
,curl: (28) Operation timed out after 45002 milliseconds with 0 bytes received,,,,,,,,,https://youtube.com/shorts/on8eQbCF0wY?si=nmQJsUpRur7NiVZY
,curl: (28) Operation timed out after 45001 milliseconds with 0 bytes received,,,,,,,,,https://youtube.com/shorts/ehmzuc70Fkc?si=_VFqhAdJjeiv7dem
,curl: (28) Operation timed out after 45006 milliseconds with 0 bytes received,,,,,,,,,https://youtube.com/shorts/srsmWbUBxoI?si=u_44BdwBmRPE1v-y
,curl: (28) Operation timed out after 45004 milliseconds with 0 bytes received,,,,,,,,,https://youtube.com/shorts/3UjOTyvp698?si=j_SIW-e4kqhsKHkv
,curl: (28) Operation timed out after 45004 milliseconds with 0 bytes received,,,,,,,,,https://youtube.com/shorts/mt6POuw-a3g?si=1xLRs03XPMZ1BJBh
,curl: (28) Operation timed out after 45002 milliseconds with 0 bytes received,,,,,,,,,https://youtube.com/shorts/ZQJmsTiRVjo?si=Hyq0caRk0gnPhCw_
,curl: (28) Operation timed out after 45006 milliseconds with 0 bytes received,,,,,,,,,https://youtube.com/shorts/WAPHL4XIJSg?si=QYVwLz1UAjmsab5o
,curl: (28) Operation timed out after 45000 milliseconds with 0 bytes received,,,,,,,,,https://youtube.com/shorts/aEC1q52Iuq0?si=zHzcowrU9DaJyqsS
,curl: (28) Operation timed out after 45006 milliseconds with 0 bytes received,,,,,,,,,https://youtube.com/shorts/I-RQMA41Sfs?si=aS6aKyPQPvc2_QYN
,curl: (28) Operation timed out after 45006 milliseconds with 0 bytes received,,,,,,,,,https://youtube.com/shorts/YrGAVDdAZ9k?si=xqfaYptLCkMIXc_E
,curl: (28) Operation timed out after 45005 milliseconds with 0 bytes received,,,,,,,,,https://youtube.com/shorts/Z_IdzWUdKAU?si=K6-fC92iZXhLxLqL
,curl: (28) Operation timed out after 45006 milliseconds with 0 bytes received,,,,,,,,,https://youtube.com/shorts/O-ZVgZzRUwc?si=euZ46yqo568iBTsD
,curl: (28) Operation timed out after 45006 milliseconds with 0 bytes received,,,,,,,,,https://youtube.com/shorts/CbiEvw1sJ4Q?si=Qd9qG3UzAM4vqRf-
,curl: (28) Operation timed out after 45004 milliseconds with 0 bytes received,,,,,,,,,https://www.youtube.com/shorts/m4jONF5bUUk
,curl: (28) Operation timed out after 45006 milliseconds with 0 bytes received,,,,,,,,,https://www.youtube.com/shorts/LmZR01Xldek
,curl: (28) Operation timed out after 45004 milliseconds with 0 bytes received,,,,,,,,,https://www.youtube.com/shorts/p65iofzssHI
,curl: (28) Operation timed out after 45005 milliseconds with 0 bytes received,,,,,,,,,https://www.youtube.com/shorts/QGhyVqC1sWA
,curl: (28) Operation timed out after 45005 milliseconds with 0 bytes received,,,,,,,,,https://www.youtube.com/shorts/SUzNotWexFQ
,curl: (28) Operation timed out after 45001 milliseconds with 0 bytes received,,,,,,,,,https://www.youtube.com/shorts/kegGG_JWCns
,curl: (28) Operation timed out after 45004 milliseconds with 0 bytes received,,,,,,,,,https://www.youtube.com/shorts/oqqz3xykhlQ
,curl: (28) Operation timed out after 45005 milliseconds with 0 bytes received,,,,,,,,,https://www.youtube.com/shorts/DTXZGEAd4Z8
,curl: (28) Operation timed out after 45006 milliseconds with 0 bytes received,,,,,,,,,https://www.youtube.com/shorts/3sYnNGkjkhA
,curl: (28) Operation timed out after 45002 milliseconds with 0 bytes received,,,,,,,,,https://www.youtube.com/shorts/TVYl6v9f8us
,curl: (28) Operation timed out after 45003 milliseconds with 0 bytes received,,,,,,,,,https://www.youtube.com/shorts/X30BmLLXm4w
,curl: (28) Operation timed out after 45006 milliseconds with 0 bytes received,,,,,,,,,https://www.youtube.com/shorts/S1FHTrA89Ns
,curl: (28) Operation timed out after 45005 milliseconds with 0 bytes received,,,,,,,,,https://www.youtube.com/shorts/T3qbhmbRavc
,curl: (28) Operation timed out after 45005 milliseconds with 0 bytes received,,,,,,,,,https://www.youtube.com/shorts/ih7q2SE5M18
,curl: (28) Operation timed out after 45003 milliseconds with 0 bytes received,,,,,,,,,https://www.youtube.com/shorts/O8cZVAY3kLo
,curl: (28) Operation timed out after 45005 milliseconds with 0 bytes received,,,,,,,,,https://www.youtube.com/shorts/BRaeiCMuKpQ
,curl: (28) Operation timed out after 45006 milliseconds with 0 bytes received,,,,,,,,,https://www.youtube.com/shorts/1DRNwhg18NI
,curl: (28) Operation timed out after 45002 milliseconds with 0 bytes received,,,,,,,,,https://www.youtube.com/shorts/RHv0ONFfMfk
,curl: (28) Operation timed out after 45006 milliseconds with 0 bytes received,,,,,,,,,https://www.youtube.com/shorts/t860h75QgNY
,curl: (28) Operation timed out after 45006 milliseconds with 0 bytes received,,,,,,,,,https://www.youtube.com/shorts/7h_rLG16-sk
,curl: (28) Operation timed out after 45003 milliseconds with 0 bytes received,,,,,,,,,https://www.youtube.com/shorts/q2G4UyWLOGs
,curl: (28) Operation timed out after 45005 milliseconds with 0 bytes received,,,,,,,,,https://www.youtube.com/shorts/kFuT0PDVMNw
,curl: (28) Operation timed out after 45001 milliseconds with 0 bytes received,,,,,,,,,https://www.youtube.com/shorts/fAbY9wKoVXY
,curl: (28) Operation timed out after 45002 milliseconds with 0 bytes received,,,,,,,,,https://www.youtube.com/shorts/GZ6lJzWvoEM
,curl: (28) Operation timed out after 45005 milliseconds with 0 bytes received,,,,,,,,,https://www.youtube.com/shorts/zrTpC_nznGE
,curl: (28) Operation timed out after 45006 milliseconds with 0 bytes received,,,,,,,,,https://www.youtube.com/shorts/A54DmtWBFA8
,curl: (28) Operation timed out after 45006 milliseconds with 0 bytes received,,,,,,,,,https://www.youtube.com/shorts/zE8iYfWjw9w
,curl: (28) Operation timed out after 45006 milliseconds with 0 bytes received,,,,,,,,,https://www.youtube.com/shorts/ZvLMZ_ifmns
,curl: (28) Operation timed out after 45006 milliseconds with 0 bytes received,,,,,,,,,https://www.youtube.com/shorts/ZejtlQykGm8
,curl: (28) Operation timed out after 45006 milliseconds with 0 bytes received,,,,,,,,,https://www.youtube.com/shorts/VoaXkzJVtIo
,curl: (28) Operation timed out after 45005 milliseconds with 0 bytes received,,,,,,,,,https://www.youtube.com/shorts/TX3XpIkFZKs
,curl: (28) Operation timed out after 45002 milliseconds with 0 bytes received,,,,,,,,,https://www.youtube.com/shorts/IYIfUQ__hQc
,curl: (28) Operation timed out after 45011 milliseconds with 0 bytes received,,,,,,,,,https://www.youtube.com/shorts/yBX7wor18p4
,curl: (28) Operation timed out after 45011 milliseconds with 0 bytes received,,,,,,,,,https://www.youtube.com/shorts/gy6DPX0sLtc
,curl: (28) Operation timed out after 45003 milliseconds with 0 bytes received,,,,,,,,,https://www.youtube.com/shorts/HiDGfFOzfnk
,curl: (28) Operation timed out after 45002 milliseconds with 0 bytes received,,,,,,,,,https://www.youtube.com/shorts/FFr7JJcJwEg
,curl: (28) Operation timed out after 45009 milliseconds with 0 bytes received,,,,,,,,,https://www.youtube.com/shorts/p4AGbTnsxs8
,curl: (28) Operation timed out after 45008 milliseconds with 0 bytes received,,,,,,,,,https://www.youtube.com/shorts/cixocSycC3A
,curl: (28) Operation timed out after 45002 milliseconds with 0 bytes received,,,,,,,,,https://www.youtube.com/shorts/xs4AsbRqoT4
,curl: (28) Operation timed out after 45009 milliseconds with 0 bytes received,,,,,,,,,https://www.youtube.com/shorts/c4w4I9n-EQE
,curl: (28) Operation timed out after 45006 milliseconds with 0 bytes received,,,,,,,,,https://www.youtube.com/shorts/dyUed97vESs
,curl: (28) Operation timed out after 45004 milliseconds with 0 bytes received,,,,,,,,,https://www.youtube.com/shorts/v4IlwQInULQ
,curl: (28) Operation timed out after 45003 milliseconds with 0 bytes received,,,,,,,,,https://www.youtube.com/shorts/Hc0dFVz8Z5o
,curl: (28) Operation timed out after 45003 milliseconds with 0 bytes received,,,,,,,,,https://www.youtube.com/shorts/YugawDL8G4M
,curl: (28) Operation timed out after 45001 milliseconds with 0 bytes received,,,,,,,,,https://www.youtube.com/shorts/mUcS2bIy6Lk
,curl: (28) Operation timed out after 45006 milliseconds with 0 bytes received,,,,,,,,,https://www.youtube.com/shorts/MprxJKJ5RC8
,curl: (28) Operation timed out after 45004 milliseconds with 0 bytes received,,,,,,,,,https://www.youtube.com/shorts/flh6ZpFawFo
,curl: (28) Operation timed out after 45003 milliseconds with 0 bytes received,,,,,,,,,https://www.youtube.com/shorts/UxXxnS6AbDo
,curl: (28) Operation timed out after 45001 milliseconds with 0 bytes received,,,,,,,,,https://www.youtube.com/shorts/w4kMt3sXZoM
,curl: (28) Operation timed out after 45008 milliseconds with 0 bytes received,,,,,,,,,https://www.youtube.com/shorts/rVwRoSF9_1Q
,curl: (28) Operation timed out after 45008 milliseconds with 0 bytes received,,,,,,,,,https://www.youtube.com/shorts/KriiolXfPPY
,curl: (28) Operation timed out after 45009 milliseconds with 0 bytes received,,,,,,,,,https://www.youtube.com/shorts/jfmG2iigvG8
,curl: (28) Operation timed out after 45007 milliseconds with 0 bytes received,,,,,,,,,https://www.youtube.com/shorts/OxiH1xzJhgA
,curl: (28) Operation timed out after 45004 milliseconds with 0 bytes received,,,,,,,,,https://www.youtube.com/shorts/IxzRPI3CL3w
,curl: (28) Operation timed out after 45011 milliseconds with 0 bytes received,,,,,,,,,https://www.youtube.com/shorts/s0e24Oak93o
,curl: (28) Operation timed out after 45007 milliseconds with 0 bytes received,,,,,,,,,https://www.youtube.com/shorts/X2cEvpFoaKQ
,curl: (28) Operation timed out after 45004 milliseconds with 0 bytes received,,,,,,,,,https://www.youtube.com/shorts/EBohWCR33zs
,curl: (28) Operation timed out after 45002 milliseconds with 0 bytes received,,,,,,,,,https://www.youtube.com/shorts/wYhC2MXliGk
,curl: (28) Operation timed out after 45001 milliseconds with 0 bytes received,,,,,,,,,https://www.youtube.com/shorts/PdxfqLj439o
,curl: (28) Operation timed out after 45002 milliseconds with 0 bytes received,,,,,,,,,https://www.youtube.com/shorts/X-ky2lIGJX8
,curl: (28) Operation timed out after 45006 milliseconds with 0 bytes received,,,,,,,,,https://www.youtube.com/shorts/C64TlSC1PXE
,curl: (28) Operation timed out after 45005 milliseconds with 0 bytes received,,,,,,,,,https://www.youtube.com/shorts/-Nf6tZst7fw
,curl: (28) Operation timed out after 45003 milliseconds with 0 bytes received,,,,,,,,,https://www.youtube.com/shorts/Pm7bR2e6kcM
,curl: (28) Operation timed out after 45004 milliseconds with 0 bytes received,,,,,,,,,https://www.youtube.com/shorts/Ibc3hflWKLQ
,curl: (28) Operation timed out after 45004 milliseconds with 0 bytes received,,,,,,,,,https://www.youtube.com/shorts/sVorW62B8yM
,curl: (28) Operation timed out after 45003 milliseconds with 0 bytes received,,,,,,,,,https://www.youtube.com/shorts/leMefrvElYA
,curl: (28) Operation timed out after 45006 milliseconds with 0 bytes received,,,,,,,,,https://www.youtube.com/shorts/wttsweiGXZ8
,curl: (28) Operation timed out after 45006 milliseconds with 0 bytes received,,,,,,,,,https://www.youtube.com/shorts/tMvOp-pbyb8
,curl: (28) Operation timed out after 45005 milliseconds with 0 bytes received,,,,,,,,,https://www.youtube.com/shorts/xFYkuraE5gQ
,curl: (28) Operation timed out after 45003 milliseconds with 0 bytes received,,,,,,,,,https://www.youtube.com/shorts/G1lURknjmxM
,curl: (28) Operation timed out after 45006 milliseconds with 0 bytes received,,,,,,,,,https://www.youtube.com/shorts/FNgxSv2vfZY
,curl: (28) Operation timed out after 45004 milliseconds with 0 bytes received,,,,,,,,,https://www.youtube.com/shorts/fG2CO2HPhRc
,curl: (28) Operation timed out after 45000 milliseconds with 0 bytes received,,,,,,,,,https://www.youtube.com/shorts/H_YiO7IP8F0
,curl: (28) Operation timed out after 45002 milliseconds with 0 bytes received,,,,,,,,,https://www.youtube.com/shorts/yeukgKerfqM
,curl: (28) Operation timed out after 45002 milliseconds with 0 bytes received,,,,,,,,,https://www.youtube.com/shorts/48BnYG54694
,curl: (28) Operation timed out after 45005 milliseconds with 0 bytes received,,,,,,,,,https://www.youtube.com/shorts/fxn9pORPOTo
,curl: (28) Operation timed out after 45006 milliseconds with 0 bytes received,,,,,,,,,https://www.youtube.com/shorts/SHWvFyOT5cs
,curl: (28) Operation timed out after 45002 milliseconds with 0 bytes received,,,,,,,,,https://www.youtube.com/shorts/MU3yH489oZY
,curl: (28) Operation timed out after 45002 milliseconds with 0 bytes received,,,,,,,,,https://www.youtube.com/shorts/Tjrho4MWuTM
,curl: (28) Operation timed out after 45004 milliseconds with 0 bytes received,,,,,,,,,https://www.youtube.com/shorts/VvXlIkTtJow
,curl: (28) Operation timed out after 45006 milliseconds with 0 bytes received,,,,,,,,,https://www.youtube.com/shorts/utAPr-JssTY
,curl: (28) Operation timed out after 45002 milliseconds with 0 bytes received,,,,,,,,,https://www.youtube.com/shorts/PeVuVY8EJYA
,curl: (28) Operation timed out after 45003 milliseconds with 0 bytes received,,,,,,,,,https://www.youtube.com/shorts/xddSSmo3CIo
,curl: (28) Operation timed out after 45003 milliseconds with 0 bytes received,,,,,,,,,https://www.youtube.com/shorts/sKDr4wKPeF8
,curl: (28) Operation timed out after 45004 milliseconds with 0 bytes received,,,,,,,,,https://www.youtube.com/shorts/b1YJb3dA3Zk
,curl: (28) Operation timed out after 45001 milliseconds with 0 bytes received,,,,,,,,,https://www.youtube.com/shorts/fHyQSQd6fQ4
,curl: (28) Operation timed out after 45005 milliseconds with 0 bytes received,,,,,,,,,https://www.youtube.com/shorts/dHaKNQEz7Ns
,curl: (28) Operation timed out after 45003 milliseconds with 0 bytes received,,,,,,,,,https://www.youtube.com/shorts/-TjojsxYU6U
,curl: (28) Operation timed out after 45005 milliseconds with 0 bytes received,,,,,,,,,https://www.youtube.com/shorts/nxh-f_UOVcM
,curl: (28) Operation timed out after 45005 milliseconds with 0 bytes received,,,,,,,,,https://www.youtube.com/shorts/PA5tPdCeQpo
,curl: (56) Recv failure: Connection reset by peer,,,,,,,,,https://www.youtube.com/shorts/yLcLHLmewRw
,curl: (56) Recv failure: Connection reset by peer,,,,,,,,,https://www.youtube.com/shorts/UriesRczjSM
,curl: (28) Operation timed out after 45006 milliseconds with 0 bytes received,,,,,,,,,https://www.youtube.com/shorts/8vPGSjFQgOk
,curl: (28) Operation timed out after 45005 milliseconds with 0 bytes received,,,,,,,,,https://www.youtube.com/shorts/1_3WUR6tBKs
,curl: (28) Operation timed out after 45006 milliseconds with 0 bytes received,,,,,,,,,https://www.youtube.com/shorts/wqMQNIlzdGk
,curl: (28) Operation timed out after 45002 milliseconds with 0 bytes received,,,,,,,,,https://www.youtube.com/shorts/sT4gBBdgDuQ
,curl: (28) Operation timed out after 45005 milliseconds with 0 bytes received,,,,,,,,,https://www.youtube.com/shorts/xaXVaXfTG0c
,curl: (28) Operation timed out after 45004 milliseconds with 0 bytes received,,,,,,,,,https://www.youtube.com/shorts/Hh0WJ18fut8
,curl: (28) Operation timed out after 45002 milliseconds with 0 bytes received,,,,,,,,,https://www.youtube.com/shorts/a5CNaTHwPXA
,curl: (28) Operation timed out after 45005 milliseconds with 0 bytes received,,,,,,,,,https://www.youtube.com/shorts/sLR-1sZqROo
,curl: (28) Operation timed out after 45004 milliseconds with 0 bytes received,,,,,,,,,https://www.youtube.com/shorts/S-A1upowdJI
,curl: (28) Operation timed out after 45002 milliseconds with 0 bytes received,,,,,,,,,https://www.youtube.com/shorts/He7oCf7hO8A
,curl: (28) Operation timed out after 45001 milliseconds with 0 bytes received,,,,,,,,,https://www.youtube.com/shorts/H6dImOh3yBM
,curl: (28) Operation timed out after 45002 milliseconds with 0 bytes received,,,,,,,,,https://www.youtube.com/shorts/z_xRkaWvjW0
,curl: (28) Operation timed out after 45002 milliseconds with 0 bytes received,,,,,,,,,https://www.youtube.com/shorts/MSvkCl-tN5w
,curl: (28) Operation timed out after 45006 milliseconds with 0 bytes received,,,,,,,,,https://www.youtube.com/shorts/NeZEhryEIcg
,curl: (28) Operation timed out after 45005 milliseconds with 0 bytes received,,,,,,,,,https://www.youtube.com/shorts/GaU2og5snfk
,curl: (28) Operation timed out after 45006 milliseconds with 0 bytes received,,,,,,,,,https://www.youtube.com/shorts/oqllm0y2lkg
,curl: (28) Operation timed out after 45003 milliseconds with 0 bytes received,,,,,,,,,https://www.youtube.com/shorts/1rkAulAoXp0
,curl: (28) Operation timed out after 45005 milliseconds with 0 bytes received,,,,,,,,,https://www.youtube.com/shorts/B3wSbmi7ejw
,curl: (56) Recv failure: Connection reset by peer,,,,,,,,,https://www.youtube.com/shorts/xMajJl1iU3c
,curl: (56) Recv failure: Connection reset by peer,,,,,,,,,https://www.youtube.com/shorts/mwGTWUSvGnc
,curl: (28) Operation timed out after 45006 milliseconds with 0 bytes received,,,,,,,,,https://www.youtube.com/shorts/J0iIQ629N2c
,curl: (28) Operation timed out after 45005 milliseconds with 0 bytes received,,,,,,,,,https://www.youtube.com/shorts/6H5AImEWu0s
,curl: (28) Operation timed out after 45005 milliseconds with 0 bytes received,,,,,,,,,https://www.youtube.com/shorts/9rMswm1aRIE
,curl: (28) Operation timed out after 45004 milliseconds with 0 bytes received,,,,,,,,,https://www.youtube.com/shorts/09IwpgYlXr8
,curl: (28) Operation timed out after 45002 milliseconds with 0 bytes received,,,,,,,,,https://www.youtube.com/shorts/ky6cV2YdLaI
,curl: (28) Operation timed out after 45005 milliseconds with 0 bytes received,,,,,,,,,https://www.youtube.com/shorts/hMWv6zvC44U
,curl: (28) Operation timed out after 45002 milliseconds with 0 bytes received,,,,,,,,,https://www.youtube.com/shorts/Xmg0-2voDdQ
,curl: (28) Operation timed out after 45006 milliseconds with 0 bytes received,,,,,,,,,https://www.youtube.com/shorts/jbGEQX-quVs
,curl: (28) Operation timed out after 45001 milliseconds with 0 bytes received,,,,,,,,,https://www.youtube.com/shorts/VqtZNQW6qzg
,curl: (28) Operation timed out after 45003 milliseconds with 0 bytes received,,,,,,,,,https://www.youtube.com/shorts/DKOFyIIuzOM
,curl: (28) Operation timed out after 45010 milliseconds with 0 bytes received,,,,,,,,,https://www.youtube.com/shorts/PUwhrmjHKTI
,curl: (28) Operation timed out after 45008 milliseconds with 0 bytes received,,,,,,,,,https://www.youtube.com/shorts/k22CVgKcCeg
,curl: (28) Operation timed out after 45011 milliseconds with 0 bytes received,,,,,,,,,https://www.youtube.com/shorts/fxxeOGUg3Qc
,curl: (28) Operation timed out after 45001 milliseconds with 0 bytes received,,,,,,,,,https://www.youtube.com/shorts/I5B3-6ku_mk
,curl: (28) Operation timed out after 45008 milliseconds with 0 bytes received,,,,,,,,,https://www.youtube.com/shorts/35q2HcdYlek
,curl: (28) Operation timed out after 45004 milliseconds with 0 bytes received,,,,,,,,,https://www.youtube.com/shorts/Xp_hwCg4t6U
,curl: (28) Operation timed out after 45003 milliseconds with 0 bytes received,,,,,,,,,https://www.youtube.com/shorts/B_0fYrKSnnM
,curl: (28) Operation timed out after 45007 milliseconds with 0 bytes received,,,,,,,,,https://www.youtube.com/shorts/Q4UgFD23XfU
,curl: (28) Operation timed out after 45003 milliseconds with 0 bytes received,,,,,,,,,https://www.youtube.com/shorts/Sbx98IsG_vM
,curl: (28) Operation timed out after 45011 milliseconds with 0 bytes received,,,,,,,,,https://www.youtube.com/shorts/2Qn09nVrpT0
,curl: (28) Operation timed out after 45009 milliseconds with 0 bytes received,,,,,,,,,https://www.youtube.com/shorts/-Z4GZCN4V8A
,curl: (28) Operation timed out after 45007 milliseconds with 0 bytes received,,,,,,,,,https://www.youtube.com/shorts/eTJ2pSC05dQ
,curl: (28) Operation timed out after 45008 milliseconds with 0 bytes received,,,,,,,,,https://www.youtube.com/shorts/0RX4V4M-f1U
,curl: (28) Operation timed out after 45008 milliseconds with 0 bytes received,,,,,,,,,https://www.youtube.com/shorts/ZUnfX61rYUY
,curl: (28) Operation timed out after 45003 milliseconds with 0 bytes received,,,,,,,,,https://www.youtube.com/shorts/j5rwCpW92-4
,curl: (28) Operation timed out after 45007 milliseconds with 0 bytes received,,,,,,,,,https://www.youtube.com/shorts/PB_gqLDRM4o
,curl: (28) Operation timed out after 45007 milliseconds with 0 bytes received,,,,,,,,,https://www.youtube.com/shorts/5H1EIqp-PvA
,curl: (28) Operation timed out after 45008 milliseconds with 0 bytes received,,,,,,,,,https://www.youtube.com/shorts/CTnfsi8XLFc
,curl: (56) Recv failure: Connection reset by peer,,,,,,,,,https://www.youtube.com/shorts/KiZhxPo26nk
,curl: (28) Operation timed out after 45008 milliseconds with 0 bytes received,,,,,,,,,https://www.youtube.com/shorts/GTw7wk-4ai4
,curl: (28) Operation timed out after 45001 milliseconds with 0 bytes received,,,,,,,,,https://www.youtube.com/shorts/MqRZSl7MMHA
,curl: (28) Operation timed out after 45004 milliseconds with 0 bytes received,,,,,,,,,https://www.youtube.com/shorts/1tKxmn1HMvA
,curl: (28) Operation timed out after 45009 milliseconds with 0 bytes received,,,,,,,,,https://www.youtube.com/shorts/TeawrWwLD9U
,curl: (28) Operation timed out after 45008 milliseconds with 0 bytes received,,,,,,,,,https://www.youtube.com/shorts/jPueqeAmpHs
,curl: (28) Operation timed out after 45006 milliseconds with 0 bytes received,,,,,,,,,https://www.youtube.com/shorts/vxJkBOkeNqE
,curl: (28) Operation timed out after 45001 milliseconds with 0 bytes received,,,,,,,,,https://www.youtube.com/shorts/mW7UX65xd1M
,curl: (28) Operation timed out after 45001 milliseconds with 0 bytes received,,,,,,,,,https://www.youtube.com/shorts/VEAimqwBm1Q
,curl: (56) Recv failure: Connection reset by peer,,,,,,,,,https://www.youtube.com/shorts/1q3J3RXdJQM
,curl: (28) Operation timed out after 45005 milliseconds with 0 bytes received,,,,,,,,,https://www.youtube.com/shorts/vhTvcA-mBr4
,curl: (28) Operation timed out after 45011 milliseconds with 0 bytes received,,,,,,,,,https://www.youtube.com/shorts/8gw-WAIYdGs
,curl: (28) Operation timed out after 45008 milliseconds with 0 bytes received,,,,,,,,,https://www.youtube.com/shorts/MxfkDg_4Rs0
,curl: (56) Recv failure: Connection reset by peer,,,,,,,,,https://www.youtube.com/shorts/VDxJkAu4TaI
,curl: (28) Operation timed out after 45007 milliseconds with 0 bytes received,,,,,,,,,https://www.youtube.com/shorts/g0_hflEWnCU
,curl: (28) Operation timed out after 45011 milliseconds with 0 bytes received,,,,,,,,,https://www.youtube.com/shorts/bxuhIo2CIVc
,curl: (28) Operation timed out after 45004 milliseconds with 0 bytes received,,,,,,,,,https://www.youtube.com/shorts/tz8S-x3XeDw
,curl: (28) Operation timed out after 45006 milliseconds with 0 bytes received,,,,,,,,,https://www.youtube.com/shorts/cAnJ9sB2k20
,curl: (28) Operation timed out after 45005 milliseconds with 0 bytes received,,,,,,,,,https://www.youtube.com/shorts/i6Aba621UHQ
,curl: (28) Operation timed out after 45007 milliseconds with 0 bytes received,,,,,,,,,https://www.youtube.com/shorts/Z9aTG6YwcEg
,curl: (28) Operation timed out after 45005 milliseconds with 0 bytes received,,,,,,,,,https://www.youtube.com/shorts/nGKXwcdabYA
,curl: (28) Operation timed out after 45002 milliseconds with 0 bytes received,,,,,,,,,https://www.youtube.com/shorts/NmHBfbDkbRY
,curl: (28) Operation timed out after 45007 milliseconds with 0 bytes received,,,,,,,,,https://www.youtube.com/shorts/0cFDa458GyQ
,curl: (28) Operation timed out after 45009 milliseconds with 0 bytes received,,,,,,,,,https://www.youtube.com/shorts/PCqqD4QIUGQ
,curl: (28) Operation timed out after 45010 milliseconds with 0 bytes received,,,,,,,,,https://www.youtube.com/shorts/lzWf4nYOBZQ
,curl: (28) Operation timed out after 45002 milliseconds with 0 bytes received,,,,,,,,,https://www.youtube.com/shorts/JGcJylThTGU
,curl: (28) Operation timed out after 45003 milliseconds with 0 bytes received,,,,,,,,,https://www.youtube.com/shorts/CHhJIHDlMv8
,curl: (28) Operation timed out after 45009 milliseconds with 0 bytes received,,,,,,,,,https://www.youtube.com/shorts/tDvhJ46JBdo
,curl: (28) Operation timed out after 45009 milliseconds with 0 bytes received,,,,,,,,,https://www.youtube.com/shorts/UwkC76sKPOU
,curl: (28) Operation timed out after 45003 milliseconds with 0 bytes received,,,,,,,,,https://www.youtube.com/shorts/EeEu8pvw_5Y
,curl: (28) Operation timed out after 45007 milliseconds with 0 bytes received,,,,,,,,,https://www.youtube.com/shorts/YXtO__P_4b4
,curl: (28) Operation timed out after 45010 milliseconds with 0 bytes received,,,,,,,,,https://www.youtube.com/shorts/6nvCRVJwsZ4
,curl: (28) Operation timed out after 45007 milliseconds with 0 bytes received,,,,,,,,,https://www.youtube.com/shorts/rLzqupI-UdI
,curl: (28) Operation timed out after 45001 milliseconds with 0 bytes received,,,,,,,,,https://www.youtube.com/shorts/X8Ev_Lzyay4
,curl: (28) Operation timed out after 45008 milliseconds with 0 bytes received,,,,,,,,,https://www.youtube.com/shorts/9zfk9aLwLl0
,curl: (28) Operation timed out after 45009 milliseconds with 0 bytes received,,,,,,,,,https://www.youtube.com/shorts/Pu9xAVgXPHw
,curl: (28) Operation timed out after 45010 milliseconds with 0 bytes received,,,,,,,,,https://www.youtube.com/shorts/j4d7nKyvuzo
,curl: (28) Operation timed out after 45010 milliseconds with 0 bytes received,,,,,,,,,https://www.youtube.com/shorts/XulN4FZCqJ4
,curl: (28) Operation timed out after 45009 milliseconds with 0 bytes received,,,,,,,,,https://www.youtube.com/shorts/o6_B7UdKydQ
,curl: (28) Operation timed out after 45002 milliseconds with 0 bytes received,,,,,,,,,https://www.youtube.com/shorts/slDUyX6CCL8
,curl: (28) Operation timed out after 45010 milliseconds with 0 bytes received,,,,,,,,,https://www.youtube.com/shorts/qrZM4JNJSk8
,curl: (28) Operation timed out after 45007 milliseconds with 0 bytes received,,,,,,,,,https://www.youtube.com/shorts/lwWhOvfM2wY
,curl: (28) Operation timed out after 45002 milliseconds with 0 bytes received,,,,,,,,,https://www.youtube.com/shorts/xFRGJl3UhYI
,curl: (28) Operation timed out after 45002 milliseconds with 0 bytes received,,,,,,,,,https://www.youtube.com/shorts/B7GOaPKXvwc
,curl: (28) Operation timed out after 45005 milliseconds with 0 bytes received,,,,,,,,,https://www.youtube.com/shorts/QFlU9sDkbHI
,curl: (28) Operation timed out after 45003 milliseconds with 0 bytes received,,,,,,,,,https://www.youtube.com/shorts/ZrYZn74gkqA
,invalid_json,,,,,,,,,https://www.youtube.com/shorts/C_jTG8Kt21c
,invalid_json,,,,,,,,,https://www.youtube.com/shorts/xnWPP06YsiQ
,curl: (28) Operation timed out after 45006 milliseconds with 0 bytes received,,,,,,,,,https://www.youtube.com/shorts/FWeOvOQ7h2Y
,invalid_json,,,,,,,,,https://www.youtube.com/shorts/YOla8Witpsw
,invalid_json,,,,,,,,,https://www.youtube.com/shorts/3IOiiZ0LfgE
,invalid_json,,,,,,,,,https://www.youtube.com/shorts/B1wgiXjQSjQ
,curl: (28) Operation timed out after 45002 milliseconds with 0 bytes received,,,,,,,,,https://www.youtube.com/shorts/jiDHj4QOzZo
,curl: (28) Operation timed out after 45006 milliseconds with 0 bytes received,,,,,,,,,https://www.youtube.com/shorts/_SU1-NRZSTM
,curl: (28) Operation timed out after 45005 milliseconds with 0 bytes received,,,,,,,,,https://www.youtube.com/shorts/5Ljy39FWzIg
,curl: (28) Operation timed out after 45003 milliseconds with 0 bytes received,,,,,,,,,https://www.youtube.com/shorts/LIXh1Wl77mw
,curl: (28) Operation timed out after 45003 milliseconds with 0 bytes received,,,,,,,,,https://www.youtube.com/shorts/IaPLLZ3bPwo
,curl: (28) Operation timed out after 45001 milliseconds with 0 bytes received,,,,,,,,,https://www.youtube.com/shorts/DO4HN6lV0JA
,curl: (28) Operation timed out after 45005 milliseconds with 0 bytes received,,,,,,,,,https://www.youtube.com/shorts/R6XKXyVlFhg
,curl: (28) Operation timed out after 45006 milliseconds with 0 bytes received,,,,,,,,,https://www.youtube.com/shorts/RYWzF7WdAGg
,curl: (28) Operation timed out after 45002 milliseconds with 0 bytes received,,,,,,,,,https://www.youtube.com/shorts/1vmjTHhf7rc
,curl: (28) Operation timed out after 45003 milliseconds with 0 bytes received,,,,,,,,,https://www.youtube.com/shorts/NIm4vcGD7t0
,curl: (28) Operation timed out after 45005 milliseconds with 0 bytes received,,,,,,,,,https://www.youtube.com/shorts/n55qur6tVL4
,curl: (28) Operation timed out after 45006 milliseconds with 0 bytes received,,,,,,,,,https://www.youtube.com/shorts/mGpB9oP2Rzc
,curl: (28) Operation timed out after 45002 milliseconds with 0 bytes received,,,,,,,,,https://www.youtube.com/shorts/MVq3H8ZCy04
,curl: (28) Operation timed out after 45002 milliseconds with 0 bytes received,,,,,,,,,https://www.youtube.com/shorts/4Y_y79sZV84
,curl: (28) Operation timed out after 45005 milliseconds with 0 bytes received,,,,,,,,,https://www.youtube.com/shorts/Ty8P6dDiJCM
,curl: (28) Operation timed out after 45004 milliseconds with 0 bytes received,,,,,,,,,https://www.youtube.com/shorts/cejHgFGUyTo
,curl: (28) Operation timed out after 45004 milliseconds with 0 bytes received,,,,,,,,,https://www.youtube.com/shorts/oisrvYSqpNA
,curl: (28) Operation timed out after 45005 milliseconds with 0 bytes received,,,,,,,,,https://www.youtube.com/shorts/88T44CZAjv4
,curl: (28) Operation timed out after 45005 milliseconds with 0 bytes received,,,,,,,,,https://www.youtube.com/shorts/oNFgkkEhatw
,curl: (28) Operation timed out after 45004 milliseconds with 0 bytes received,,,,,,,,,https://www.youtube.com/shorts/WN_MnEy779E
,curl: (28) Operation timed out after 45005 milliseconds with 0 bytes received,,,,,,,,,https://www.youtube.com/shorts/wlSSQb72MOM
,curl: (28) Operation timed out after 45001 milliseconds with 0 bytes received,,,,,,,,,https://www.youtube.com/shorts/MlIGETwCPAA
,curl: (28) Operation timed out after 45001 milliseconds with 0 bytes received,,,,,,,,,https://www.youtube.com/shorts/D56BC6Dzerw
,curl: (28) Operation timed out after 45004 milliseconds with 0 bytes received,,,,,,,,,https://www.youtube.com/shorts/8OLAi6Eba98
,curl: (28) Operation timed out after 45005 milliseconds with 0 bytes received,,,,,,,,,https://www.youtube.com/shorts/d-nlkEiOWcs
,curl: (28) Operation timed out after 45005 milliseconds with 0 bytes received,,,,,,,,,https://www.youtube.com/shorts/Eel46Cp2DV0
,curl: (28) Operation timed out after 45004 milliseconds with 0 bytes received,,,,,,,,,https://www.youtube.com/shorts/sO36e8PYCyg
,curl: (28) Operation timed out after 45005 milliseconds with 0 bytes received,,,,,,,,,https://www.youtube.com/shorts/P_3CYO0BXbc
